{
"type": "FeatureCollection",
"name": "kamakura_temples_wgs84",
"crs": { "type": "name", "properties": { "name": "urn:ogc:def:crs:OGC:1.3:CRS84" } },
"features": [
{ "type": "Feature", "properties": { "element": "node", "id": 266742805, "amenity": "place_of_worship", "religion": null, "name": "富士和教会" }, "geometry": { "type": "Point", "coordinates": [ 139.5517956, 35.3125402 ] } },
{ "type": "Feature", "properties": { "element": "node", "id": 266744992, "amenity": "place_of_worship", "religion": "buddhist", "name": "啓運寺" }, "geometry": { "type": "Point", "coordinates": [ 139.5528239, 35.3106676 ] } },
{ "type": "Feature", "properties": { "element": "node", "id": 266746356, "amenity": "place_of_worship", "religion": "buddhist", "name": "実相寺" }, "geometry": { "type": "Point", "coordinates": [ 139.5538105, 35.30836630000001 ] } },
{ "type": "Feature", "properties": { "element": "node", "id": 266755787, "amenity": "place_of_worship", "religion": "buddhist", "name": "光明寺" }, "geometry": { "type": "Point", "coordinates": [ 139.554529, 35.3033692 ] } },
{ "type": "Feature", "properties": { "element": "node", "id": 266903443, "amenity": "place_of_worship", "religion": "buddhist", "name": "海蔵寺" }, "geometry": { "type": "Point", "coordinates": [ 139.5452632, 35.3288581 ] } },
{ "type": "Feature", "properties": { "element": "node", "id": 279691103, "amenity": "place_of_worship", "religion": "buddhist", "name": "英勝寺" }, "geometry": { "type": "Point", "coordinates": [ 139.5498364, 35.3251108 ] } },
{ "type": "Feature", "properties": { "element": "node", "id": 606299780, "amenity": "place_of_worship", "religion": "shinto", "name": "お稲荷さん" }, "geometry": { "type": "Point", "coordinates": [ 139.55247030000001, 35.3202741 ] } },
{ "type": "Feature", "properties": { "element": "node", "id": 607191990, "amenity": "place_of_worship", "religion": "shinto", "name": "下之水神宮" }, "geometry": { "type": "Point", "coordinates": [ 139.542478200000033, 35.3258305 ] } },
{ "type": "Feature", "properties": { "element": "node", "id": 607854159, "amenity": "place_of_worship", "religion": "shinto", "name": "奥宮" }, "geometry": { "type": "Point", "coordinates": [ 139.5420167, 35.3258074 ] } },
{ "type": "Feature", "properties": { "element": "node", "id": 1767485129, "amenity": "place_of_worship", "religion": "buddhist", "name": "覚園寺" }, "geometry": { "type": "Point", "coordinates": [ 139.5641091, 35.3311382 ] } },
{ "type": "Feature", "properties": { "element": "node", "id": 1773528431, "amenity": "place_of_worship", "religion": "buddhist", "name": "杉本寺" }, "geometry": { "type": "Point", "coordinates": [ 139.567441300000013, 35.3226286 ] } },
{ "type": "Feature", "properties": { "element": "node", "id": 1776003146, "amenity": "place_of_worship", "religion": "shinto", "name": "宇都宮稲荷" }, "geometry": { "type": "Point", "coordinates": [ 139.5538865, 35.3202564 ] } },
{ "type": "Feature", "properties": { "element": "node", "id": 1778056659, "amenity": "place_of_worship", "religion": "christian", "name": "レデンプトリスチン修道院" }, "geometry": { "type": "Point", "coordinates": [ 139.55953550000001, 35.32127650000001 ] } },
{ "type": "Feature", "properties": { "element": "node", "id": 1778085175, "amenity": "place_of_worship", "religion": "buddhist", "name": "寿福寺" }, "geometry": { "type": "Point", "coordinates": [ 139.550109400000025, 35.3243223 ] } },
{ "type": "Feature", "properties": { "element": "node", "id": 1778085178, "amenity": "place_of_worship", "religion": "buddhist", "name": "浄光明寺" }, "geometry": { "type": "Point", "coordinates": [ 139.5511764, 35.3264324 ] } },
{ "type": "Feature", "properties": { "element": "node", "id": 1778842058, "amenity": "place_of_worship", "religion": "buddhist", "name": "岩船不動尊" }, "geometry": { "type": "Point", "coordinates": [ 139.551448, 35.3240898 ] } },
{ "type": "Feature", "properties": { "element": "node", "id": 1790785441, "amenity": null, "religion": "shinto", "name": null }, "geometry": { "type": "Point", "coordinates": [ 139.5641875, 35.3349063 ] } },
{ "type": "Feature", "properties": { "element": "node", "id": 1791638944, "amenity": "place_of_worship", "religion": "shinto", "name": "志一稲荷社" }, "geometry": { "type": "Point", "coordinates": [ 139.5538545, 35.325398399999983 ] } },
{ "type": "Feature", "properties": { "element": "node", "id": 1791638949, "amenity": "place_of_worship", "religion": "shinto", "name": "新宮神社" }, "geometry": { "type": "Point", "coordinates": [ 139.557596, 35.3282631 ] } },
{ "type": "Feature", "properties": { "element": "node", "id": 1792668572, "amenity": "place_of_worship", "religion": "buddhist", "name": "岩船地蔵堂" }, "geometry": { "type": "Point", "coordinates": [ 139.5491412, 35.3271722 ] } },
{ "type": "Feature", "properties": { "element": "node", "id": 1792920940, "amenity": "place_of_worship", "religion": "shinto", "name": "正宗稲荷社" }, "geometry": { "type": "Point", "coordinates": [ 139.5503529, 35.3228615 ] } },
{ "type": "Feature", "properties": { "element": "node", "id": 1796713601, "amenity": "place_of_worship", "religion": "buddhist", "name": "辻薬師堂" }, "geometry": { "type": "Point", "coordinates": [ 139.5531966, 35.3128455 ] } },
{ "type": "Feature", "properties": { "element": "node", "id": 1797820426, "amenity": "place_of_worship", "religion": "buddhist", "name": "秋葉山三尺坊大権現" }, "geometry": { "type": "Point", "coordinates": [ 139.5550126, 35.3046497 ] } },
{ "type": "Feature", "properties": { "element": "node", "id": 1797851797, "amenity": "place_of_worship", "religion": "buddhist", "name": "千手院" }, "geometry": { "type": "Point", "coordinates": [ 139.5538379, 35.3042004 ] } },
{ "type": "Feature", "properties": { "element": "node", "id": 1797851799, "amenity": "place_of_worship", "religion": "buddhist", "name": "蓮乗院" }, "geometry": { "type": "Point", "coordinates": [ 139.5536526, 35.3034077 ] } },
{ "type": "Feature", "properties": { "element": "node", "id": 1798210158, "amenity": "place_of_worship", "religion": "buddhist", "name": "虚空蔵堂" }, "geometry": { "type": "Point", "coordinates": [ 139.5326576, 35.3097597 ] } },
{ "type": "Feature", "properties": { "element": "node", "id": 1798877656, "amenity": null, "religion": "buddhist", "name": "六地蔵" }, "geometry": { "type": "Point", "coordinates": [ 139.5465187, 35.3153738 ] } },
{ "type": "Feature", "properties": { "element": "node", "id": 1808477934, "amenity": "place_of_worship", "religion": "buddhist", "name": "補陀洛寺" }, "geometry": { "type": "Point", "coordinates": [ 139.5527545, 35.30592390000001 ] } },
{ "type": "Feature", "properties": { "element": "node", "id": 1808709433, "amenity": "place_of_worship", "religion": "buddhist", "name": "長勝寺" }, "geometry": { "type": "Point", "coordinates": [ 139.5578605, 35.309962 ] } },
{ "type": "Feature", "properties": { "element": "node", "id": 1821150679, "amenity": "place_of_worship", "religion": "buddhist", "name": "圓久寺" }, "geometry": { "type": "Point", "coordinates": [ 139.5277002, 35.3222898 ] } },
{ "type": "Feature", "properties": { "element": "node", "id": 1822898928, "amenity": "place_of_worship", "religion": "buddhist", "name": "法性寺" }, "geometry": { "type": "Point", "coordinates": [ 139.567708, 35.3073374 ] } },
{ "type": "Feature", "properties": { "element": "node", "id": 1986446862, "amenity": "place_of_worship", "religion": "shinto", "name": "第六天社" }, "geometry": { "type": "Point", "coordinates": [ 139.5513406, 35.33134840000001 ] } },
{ "type": "Feature", "properties": { "element": "node", "id": 1986446863, "amenity": "place_of_worship", "religion": "shinto", "name": "烏森稲荷社" }, "geometry": { "type": "Point", "coordinates": [ 139.548744199999987, 35.3338429 ] } },
{ "type": "Feature", "properties": { "element": "node", "id": 1986562664, "amenity": "place_of_worship", "religion": "buddhist", "name": "妙隆寺" }, "geometry": { "type": "Point", "coordinates": [ 139.5549363, 35.3206869 ] } },
{ "type": "Feature", "properties": { "element": "node", "id": 1989357133, "amenity": "place_of_worship", "religion": "christian", "name": "カトリック雪ノ下教会" }, "geometry": { "type": "Point", "coordinates": [ 139.5533814, 35.320618699999983 ] } },
{ "type": "Feature", "properties": { "element": "node", "id": 2032005516, "amenity": "place_of_worship", "religion": null, "name": null }, "geometry": { "type": "Point", "coordinates": [ 139.5261691, 35.3098844 ] } },
{ "type": "Feature", "properties": { "element": "node", "id": 2153983321, "amenity": "place_of_worship", "religion": "shinto", "name": "太神宮" }, "geometry": { "type": "Point", "coordinates": [ 139.560058700000013, 35.3212533 ] } },
{ "type": "Feature", "properties": { "element": "node", "id": 2382036955, "amenity": "place_of_worship", "religion": "shinto", "name": "浅間神社" }, "geometry": { "type": "Point", "coordinates": [ 139.5378192, 35.3202489 ] } },
{ "type": "Feature", "properties": { "element": "node", "id": 3635192956, "amenity": "place_of_worship", "religion": "shinto", "name": null }, "geometry": { "type": "Point", "coordinates": [ 139.5592253, 35.3088859 ] } },
{ "type": "Feature", "properties": { "element": "node", "id": 3635192958, "amenity": "place_of_worship", "religion": "shinto", "name": null }, "geometry": { "type": "Point", "coordinates": [ 139.5574772, 35.3056984 ] } },
{ "type": "Feature", "properties": { "element": "node", "id": 3806625002, "amenity": null, "religion": "buddhist", "name": null }, "geometry": { "type": "Point", "coordinates": [ 139.568726199999986, 35.2955014 ] } },
{ "type": "Feature", "properties": { "element": "node", "id": 3806625009, "amenity": null, "religion": "shinto", "name": null }, "geometry": { "type": "Point", "coordinates": [ 139.5598178, 35.2956067 ] } },
{ "type": "Feature", "properties": { "element": "node", "id": 3806625011, "amenity": null, "religion": "shinto", "name": null }, "geometry": { "type": "Point", "coordinates": [ 139.5597942, 35.2956216 ] } },
{ "type": "Feature", "properties": { "element": "node", "id": 3806625024, "amenity": null, "religion": "shinto", "name": null }, "geometry": { "type": "Point", "coordinates": [ 139.559881, 35.2957034 ] } },
{ "type": "Feature", "properties": { "element": "node", "id": 3806625025, "amenity": null, "religion": "shinto", "name": null }, "geometry": { "type": "Point", "coordinates": [ 139.5598339, 35.2957137 ] } },
{ "type": "Feature", "properties": { "element": "node", "id": 3806626077, "amenity": "place_of_worship", "religion": "shinto", "name": null }, "geometry": { "type": "Point", "coordinates": [ 139.5579837, 35.2968005 ] } },
{ "type": "Feature", "properties": { "element": "node", "id": 3806626086, "amenity": null, "religion": "shinto", "name": null }, "geometry": { "type": "Point", "coordinates": [ 139.5578995, 35.2968514 ] } },
{ "type": "Feature", "properties": { "element": "node", "id": 3806626137, "amenity": null, "religion": "shinto", "name": null }, "geometry": { "type": "Point", "coordinates": [ 139.5578577, 35.2972827 ] } },
{ "type": "Feature", "properties": { "element": "node", "id": 3806626138, "amenity": null, "religion": "shinto", "name": null }, "geometry": { "type": "Point", "coordinates": [ 139.5578681, 35.2972833 ] } },
{ "type": "Feature", "properties": { "element": "node", "id": 3806626163, "amenity": null, "religion": "shinto", "name": null }, "geometry": { "type": "Point", "coordinates": [ 139.557916799999987, 35.2986708 ] } },
{ "type": "Feature", "properties": { "element": "node", "id": 3806626186, "amenity": null, "religion": "shinto", "name": null }, "geometry": { "type": "Point", "coordinates": [ 139.55658360000001, 35.3001834 ] } },
{ "type": "Feature", "properties": { "element": "node", "id": 3806626187, "amenity": null, "religion": "buddhist", "name": null }, "geometry": { "type": "Point", "coordinates": [ 139.553633, 35.3017217 ] } },
{ "type": "Feature", "properties": { "element": "node", "id": 3806626229, "amenity": null, "religion": "shinto", "name": "八海山大神　御嶽山大神　三笠山大神" }, "geometry": { "type": "Point", "coordinates": [ 139.557892, 35.2968503 ] } },
{ "type": "Feature", "properties": { "element": "node", "id": 3806626230, "amenity": "place_of_worship", "religion": "buddhist", "name": "地蔵堂" }, "geometry": { "type": "Point", "coordinates": [ 139.557829199999986, 35.2985584 ] } },
{ "type": "Feature", "properties": { "element": "node", "id": 3806626233, "amenity": null, "religion": "shinto", "name": "小坂天王社" }, "geometry": { "type": "Point", "coordinates": [ 139.5579119, 35.2972845 ] } },
{ "type": "Feature", "properties": { "element": "node", "id": 3806626243, "amenity": null, "religion": "shinto", "name": "高彦霊神　竹水霊神" }, "geometry": { "type": "Point", "coordinates": [ 139.557884800000011, 35.2968484 ] } },
{ "type": "Feature", "properties": { "element": "node", "id": 3806676507, "amenity": null, "religion": "shinto", "name": null }, "geometry": { "type": "Point", "coordinates": [ 139.555122900000015, 35.3085131 ] } },
{ "type": "Feature", "properties": { "element": "node", "id": 3806676509, "amenity": null, "religion": "shinto", "name": null }, "geometry": { "type": "Point", "coordinates": [ 139.5550557, 35.3085291 ] } },
{ "type": "Feature", "properties": { "element": "node", "id": 3806676512, "amenity": null, "religion": "shinto", "name": null }, "geometry": { "type": "Point", "coordinates": [ 139.555009399999989, 35.3085545 ] } },
{ "type": "Feature", "properties": { "element": "node", "id": 3806676540, "amenity": null, "religion": "shinto", "name": null }, "geometry": { "type": "Point", "coordinates": [ 139.554212300000017, 35.315145200000011 ] } },
{ "type": "Feature", "properties": { "element": "node", "id": 3806676542, "amenity": null, "religion": "shinto", "name": null }, "geometry": { "type": "Point", "coordinates": [ 139.5545261, 35.3151557 ] } },
{ "type": "Feature", "properties": { "element": "node", "id": 3806676545, "amenity": null, "religion": "shinto", "name": null }, "geometry": { "type": "Point", "coordinates": [ 139.5546114, 35.3151956 ] } },
{ "type": "Feature", "properties": { "element": "node", "id": 3806676552, "amenity": null, "religion": "shinto", "name": null }, "geometry": { "type": "Point", "coordinates": [ 139.5542314, 35.318626 ] } },
{ "type": "Feature", "properties": { "element": "node", "id": 3806676565, "amenity": "place_of_worship", "religion": "shinto", "name": "三峰神社　御嶽神社" }, "geometry": { "type": "Point", "coordinates": [ 139.5548131, 35.3150473 ] } },
{ "type": "Feature", "properties": { "element": "node", "id": 3806676569, "amenity": null, "religion": "shinto", "name": "於岩稲荷社" }, "geometry": { "type": "Point", "coordinates": [ 139.554595799999987, 35.3151918 ] } },
{ "type": "Feature", "properties": { "element": "node", "id": 3806676571, "amenity": null, "religion": "shinto", "name": "稲荷神社" }, "geometry": { "type": "Point", "coordinates": [ 139.5545966, 35.31518 ] } },
{ "type": "Feature", "properties": { "element": "node", "id": 3806676572, "amenity": null, "religion": "shinto", "name": "諏訪神社" }, "geometry": { "type": "Point", "coordinates": [ 139.554595299999988, 35.315167700000011 ] } },
{ "type": "Feature", "properties": { "element": "node", "id": 3908804378, "amenity": "place_of_worship", "religion": "shinto", "name": "子守神社" }, "geometry": { "type": "Point", "coordinates": [ 139.5258055, 35.3192508 ] } },
{ "type": "Feature", "properties": { "element": "node", "id": 3937260628, "amenity": "place_of_worship", "religion": "shinto", "name": null }, "geometry": { "type": "Point", "coordinates": [ 139.5271166, 35.3039564 ] } },
{ "type": "Feature", "properties": { "element": "node", "id": 3937261785, "amenity": null, "religion": "shinto", "name": null }, "geometry": { "type": "Point", "coordinates": [ 139.5331281, 35.3108648 ] } },
{ "type": "Feature", "properties": { "element": "node", "id": 3937261787, "amenity": null, "religion": "shinto", "name": null }, "geometry": { "type": "Point", "coordinates": [ 139.5332371, 35.3108894 ] } },
{ "type": "Feature", "properties": { "element": "node", "id": 3937261826, "amenity": null, "religion": "shinto", "name": "地神社" }, "geometry": { "type": "Point", "coordinates": [ 139.5328667, 35.3112424 ] } },
{ "type": "Feature", "properties": { "element": "node", "id": 3937261829, "amenity": null, "religion": "shinto", "name": "夫婦銀杏" }, "geometry": { "type": "Point", "coordinates": [ 139.532992400000012, 35.3111058 ] } },
{ "type": "Feature", "properties": { "element": "node", "id": 3937261838, "amenity": null, "religion": "shinto", "name": "庚申塔" }, "geometry": { "type": "Point", "coordinates": [ 139.5329424, 35.3112444 ] } },
{ "type": "Feature", "properties": { "element": "node", "id": 3937261841, "amenity": "place_of_worship", "religion": "shinto", "name": "大太刀稲荷神社" }, "geometry": { "type": "Point", "coordinates": [ 139.5371637, 35.3104019 ] } },
{ "type": "Feature", "properties": { "element": "node", "id": 3937261842, "amenity": null, "religion": "shinto", "name": "御嶽山神社" }, "geometry": { "type": "Point", "coordinates": [ 139.530872100000011, 35.3112285 ] } },
{ "type": "Feature", "properties": { "element": "node", "id": 3937261843, "amenity": null, "religion": "shinto", "name": "御嶽社" }, "geometry": { "type": "Point", "coordinates": [ 139.5328988, 35.3112523 ] } },
{ "type": "Feature", "properties": { "element": "node", "id": 3937261845, "amenity": null, "religion": "shinto", "name": "御神木 たぶの木" }, "geometry": { "type": "Point", "coordinates": [ 139.5331046, 35.3109396 ] } },
{ "type": "Feature", "properties": { "element": "node", "id": 3937261848, "amenity": null, "religion": "buddhist", "name": "日限六地蔵尊" }, "geometry": { "type": "Point", "coordinates": [ 139.532377200000042, 35.3093616 ] } },
{ "type": "Feature", "properties": { "element": "node", "id": 3937262058, "amenity": "place_of_worship", "religion": "shinto", "name": "石上神社" }, "geometry": { "type": "Point", "coordinates": [ 139.532843899999989, 35.3112317 ] } },
{ "type": "Feature", "properties": { "element": "node", "id": 3937262060, "amenity": null, "religion": "shinto", "name": "祖霊社" }, "geometry": { "type": "Point", "coordinates": [ 139.532983300000012, 35.3111515 ] } },
{ "type": "Feature", "properties": { "element": "node", "id": 3937262061, "amenity": null, "religion": "shinto", "name": "秋葉神社" }, "geometry": { "type": "Point", "coordinates": [ 139.5329027, 35.3109102 ] } },
{ "type": "Feature", "properties": { "element": "node", "id": 3937262081, "amenity": null, "religion": "shinto", "name": "稲荷神社" }, "geometry": { "type": "Point", "coordinates": [ 139.5329352, 35.3108835 ] } },
{ "type": "Feature", "properties": { "element": "node", "id": 3937262083, "amenity": null, "religion": "shinto", "name": "第六天社" }, "geometry": { "type": "Point", "coordinates": [ 139.532961300000011, 35.3111995 ] } },
{ "type": "Feature", "properties": { "element": "node", "id": 3937262092, "amenity": null, "religion": "buddhist", "name": "観世音" }, "geometry": { "type": "Point", "coordinates": [ 139.5454224, 35.3090952 ] } },
{ "type": "Feature", "properties": { "element": "node", "id": 3937262094, "amenity": null, "religion": "shinto", "name": "金刀毘羅社" }, "geometry": { "type": "Point", "coordinates": [ 139.532821600000034, 35.3112218 ] } },
{ "type": "Feature", "properties": { "element": "node", "id": 4503377040, "amenity": "place_of_worship", "religion": null, "name": null }, "geometry": { "type": "Point", "coordinates": [ 139.544910499999986, 35.3306497 ] } },
{ "type": "Feature", "properties": { "element": "node", "id": 5353492532, "amenity": "place_of_worship", "religion": null, "name": "馬頭観音" }, "geometry": { "type": "Point", "coordinates": [ 139.554971200000011, 35.3108768 ] } },
{ "type": "Feature", "properties": { "element": "node", "id": 5365398470, "amenity": null, "religion": "buddhist", "name": null }, "geometry": { "type": "Point", "coordinates": [ 139.5633522, 35.3230838 ] } },
{ "type": "Feature", "properties": { "element": "node", "id": 5392909616, "amenity": null, "religion": "shinto", "name": null }, "geometry": { "type": "Point", "coordinates": [ 139.558842, 35.3347932 ] } },
{ "type": "Feature", "properties": { "element": "node", "id": 5392910822, "amenity": null, "religion": "buddhist", "name": null }, "geometry": { "type": "Point", "coordinates": [ 139.5645431, 35.3294333 ] } },
{ "type": "Feature", "properties": { "element": "node", "id": 5392910835, "amenity": "place_of_worship", "religion": "shinto", "name": "村上社" }, "geometry": { "type": "Point", "coordinates": [ 139.5668713, 35.3261521 ] } },
{ "type": "Feature", "properties": { "element": "node", "id": 6170211702, "amenity": null, "religion": "shinto", "name": null }, "geometry": { "type": "Point", "coordinates": [ 139.5535883, 35.2996579 ] } },
{ "type": "Feature", "properties": { "element": "node", "id": 6170211725, "amenity": null, "religion": "shinto", "name": null }, "geometry": { "type": "Point", "coordinates": [ 139.5521144, 35.2996653 ] } },
{ "type": "Feature", "properties": { "element": "node", "id": 6170211750, "amenity": null, "religion": "buddhist", "name": "交通安全地蔵尊" }, "geometry": { "type": "Point", "coordinates": [ 139.5570228, 35.2987082 ] } },
{ "type": "Feature", "properties": { "element": "node", "id": 6171723252, "amenity": "place_of_worship", "religion": "buddhist", "name": null }, "geometry": { "type": "Point", "coordinates": [ 139.553047099999986, 35.299819699999986 ] } },
{ "type": "Feature", "properties": { "element": "node", "id": 6406399723, "amenity": "place_of_worship", "religion": "buddhist", "name": "本興寺" }, "geometry": { "type": "Point", "coordinates": [ 139.5540021, 35.3127936 ] } },
{ "type": "Feature", "properties": { "element": "node", "id": 6438802505, "amenity": "place_of_worship", "religion": "shinto", "name": "稲荷社" }, "geometry": { "type": "Point", "coordinates": [ 139.5564482, 35.3232577 ] } },
{ "type": "Feature", "properties": { "element": "node", "id": 6438802512, "amenity": null, "religion": "buddhist", "name": "青面金剛" }, "geometry": { "type": "Point", "coordinates": [ 139.553914099999986, 35.3254845 ] } },
{ "type": "Feature", "properties": { "element": "node", "id": 6516375959, "amenity": null, "religion": "buddhist", "name": null }, "geometry": { "type": "Point", "coordinates": [ 139.5670335, 35.3173237 ] } },
{ "type": "Feature", "properties": { "element": "node", "id": 6516375960, "amenity": null, "religion": "buddhist", "name": null }, "geometry": { "type": "Point", "coordinates": [ 139.5668297, 35.3155925 ] } },
{ "type": "Feature", "properties": { "element": "node", "id": 6516440423, "amenity": "place_of_worship", "religion": "shinto", "name": "山王権現" }, "geometry": { "type": "Point", "coordinates": [ 139.56680750000001, 35.3082099 ] } },
{ "type": "Feature", "properties": { "element": "node", "id": 6612286084, "amenity": null, "religion": "shinto", "name": "弁財天" }, "geometry": { "type": "Point", "coordinates": [ 139.542025599999988, 35.3256043 ] } },
{ "type": "Feature", "properties": { "element": "node", "id": 6612305860, "amenity": null, "religion": "shinto", "name": null }, "geometry": { "type": "Point", "coordinates": [ 139.5423763, 35.3256964 ] } },
{ "type": "Feature", "properties": { "element": "node", "id": 6612317567, "amenity": null, "religion": "buddhist", "name": null }, "geometry": { "type": "Point", "coordinates": [ 139.5500484, 35.3303097 ] } },
{ "type": "Feature", "properties": { "element": "node", "id": 6616150166, "amenity": null, "religion": "shinto", "name": "合鎚稲荷社" }, "geometry": { "type": "Point", "coordinates": [ 139.542759100000012, 35.3288466 ] } },
{ "type": "Feature", "properties": { "element": "node", "id": 6616150174, "amenity": null, "religion": "shinto", "name": null }, "geometry": { "type": "Point", "coordinates": [ 139.5429767, 35.3288053 ] } },
{ "type": "Feature", "properties": { "element": "node", "id": 6616157599, "amenity": null, "religion": "shinto", "name": null }, "geometry": { "type": "Point", "coordinates": [ 139.5497963, 35.3274359 ] } },
{ "type": "Feature", "properties": { "element": "node", "id": 6616245193, "amenity": null, "religion": "shinto", "name": null }, "geometry": { "type": "Point", "coordinates": [ 139.550401100000016, 35.3219775 ] } },
{ "type": "Feature", "properties": { "element": "node", "id": 6616451004, "amenity": "place_of_worship", "religion": "shinto", "name": "五所神社" }, "geometry": { "type": "Point", "coordinates": [ 139.5369344, 35.3142634 ] } },
{ "type": "Feature", "properties": { "element": "node", "id": 6616451020, "amenity": "place_of_worship", "religion": "shinto", "name": "秋葉神社" }, "geometry": { "type": "Point", "coordinates": [ 139.53729180000002, 35.314488299999987 ] } },
{ "type": "Feature", "properties": { "element": "node", "id": 6640621513, "amenity": null, "religion": "buddhist", "name": null }, "geometry": { "type": "Point", "coordinates": [ 139.529512399999987, 35.3099902 ] } },
{ "type": "Feature", "properties": { "element": "node", "id": 6640621514, "amenity": "place_of_worship", "religion": "buddhist", "name": null }, "geometry": { "type": "Point", "coordinates": [ 139.529590500000012, 35.3099494 ] } },
{ "type": "Feature", "properties": { "element": "node", "id": 6680326384, "amenity": "place_of_worship", "religion": "christian", "name": "Calvary Chapel Kamakura" }, "geometry": { "type": "Point", "coordinates": [ 139.5460794, 35.3150749 ] } },
{ "type": "Feature", "properties": { "element": "node", "id": 7159568431, "amenity": null, "religion": "buddhist", "name": null }, "geometry": { "type": "Point", "coordinates": [ 139.569459599999988, 35.3212269 ] } },
{ "type": "Feature", "properties": { "element": "node", "id": 7159587600, "amenity": null, "religion": "shinto", "name": "御神木" }, "geometry": { "type": "Point", "coordinates": [ 139.5643311, 35.3256091 ] } },
{ "type": "Feature", "properties": { "element": "node", "id": 7266386187, "amenity": null, "religion": "shinto", "name": "紅葉稲荷社" }, "geometry": { "type": "Point", "coordinates": [ 139.553999400000038, 35.324346 ] } },
{ "type": "Feature", "properties": { "element": "node", "id": 7266386193, "amenity": "place_of_worship", "religion": "shinto", "name": "今宮" }, "geometry": { "type": "Point", "coordinates": [ 139.5574813, 35.3280927 ] } },
{ "type": "Feature", "properties": { "element": "node", "id": 7886251096, "amenity": null, "religion": "shinto", "name": null }, "geometry": { "type": "Point", "coordinates": [ 139.558526199999989, 35.3343209 ] } },
{ "type": "Feature", "properties": { "element": "node", "id": 7886251143, "amenity": null, "religion": "shinto", "name": null }, "geometry": { "type": "Point", "coordinates": [ 139.558393200000012, 35.3340946 ] } },
{ "type": "Feature", "properties": { "element": "node", "id": 7886251144, "amenity": null, "religion": "shinto", "name": null }, "geometry": { "type": "Point", "coordinates": [ 139.558373499999988, 35.3341089 ] } },
{ "type": "Feature", "properties": { "element": "node", "id": 7904156336, "amenity": null, "religion": "shinto", "name": null }, "geometry": { "type": "Point", "coordinates": [ 139.5569768, 35.3250853 ] } },
{ "type": "Feature", "properties": { "element": "node", "id": 7904419417, "amenity": null, "religion": "shinto", "name": "手水" }, "geometry": { "type": "Point", "coordinates": [ 139.5556876, 35.3251429 ] } },
{ "type": "Feature", "properties": { "element": "node", "id": 7907593780, "amenity": "place_of_worship", "religion": "shinto", "name": "巨福稲荷大明神" }, "geometry": { "type": "Point", "coordinates": [ 139.5538779, 35.3313016 ] } },
{ "type": "Feature", "properties": { "element": "node", "id": 8024185354, "amenity": null, "religion": "shinto", "name": "手水" }, "geometry": { "type": "Point", "coordinates": [ 139.541979700000013, 35.325538 ] } },
{ "type": "Feature", "properties": { "element": "node", "id": 8049207865, "amenity": null, "religion": "shinto", "name": "手水" }, "geometry": { "type": "Point", "coordinates": [ 139.539318, 35.3243817 ] } },
{ "type": "Feature", "properties": { "element": "node", "id": 8070415354, "amenity": null, "religion": "buddhist", "name": null }, "geometry": { "type": "Point", "coordinates": [ 139.5625684, 35.3239836 ] } },
{ "type": "Feature", "properties": { "element": "node", "id": 8201405165, "amenity": "place_of_worship", "religion": "buddhist", "name": "妙本寺" }, "geometry": { "type": "Point", "coordinates": [ 139.5572259, 35.3171792 ] } },
{ "type": "Feature", "properties": { "element": "node", "id": 10060437476, "amenity": null, "religion": "buddhist", "name": "朱印所" }, "geometry": { "type": "Point", "coordinates": [ 139.5331361, 35.3124817 ] } },
{ "type": "Feature", "properties": { "element": "node", "id": 11462643182, "amenity": "place_of_worship", "religion": null, "name": "源 頼朝の墓" }, "geometry": { "type": "Point", "coordinates": [ 139.561188, 35.3260208 ] } },
{ "type": "Feature", "properties": { "element": "node", "id": 12060916941, "amenity": null, "religion": "buddhist", "name": "手水" }, "geometry": { "type": "Point", "coordinates": [ 139.535390799999988, 35.3162179 ] } },
{ "type": "Feature", "properties": { "element": "node", "id": 13467856519, "amenity": null, "religion": "shinto", "name": null }, "geometry": { "type": "Point", "coordinates": [ 139.5274961, 35.3223116 ] } },
{ "type": "Feature", "properties": { "element": "node", "id": 13592448086, "amenity": null, "religion": "shinto", "name": null }, "geometry": { "type": "Point", "coordinates": [ 139.560027600000012, 35.3205233 ] } },
{ "type": "Feature", "properties": { "element": "node", "id": 13592448089, "amenity": null, "religion": "shinto", "name": "猿田彦太神" }, "geometry": { "type": "Point", "coordinates": [ 139.56079, 35.3224297 ] } },
{ "type": "Feature", "properties": { "element": "node", "id": 13592448090, "amenity": null, "religion": "shinto", "name": "庚申塔" }, "geometry": { "type": "Point", "coordinates": [ 139.560787299999987, 35.3224374 ] } },
{ "type": "Feature", "properties": { "element": "node", "id": 13592448091, "amenity": null, "religion": "shinto", "name": "妙見大菩薩" }, "geometry": { "type": "Point", "coordinates": [ 139.560786, 35.3224453 ] } },
{ "type": "Feature", "properties": { "element": "node", "id": 13592448092, "amenity": null, "religion": "shinto", "name": "庚申塔" }, "geometry": { "type": "Point", "coordinates": [ 139.560786, 35.3224524 ] } },
{ "type": "Feature", "properties": { "element": "node", "id": 13592448093, "amenity": null, "religion": "shinto", "name": "庚申塔" }, "geometry": { "type": "Point", "coordinates": [ 139.5607843, 35.3224595 ] } },
{ "type": "Feature", "properties": { "element": "node", "id": 13592448094, "amenity": null, "religion": "shinto", "name": "庚申塔" }, "geometry": { "type": "Point", "coordinates": [ 139.5607843, 35.3224664 ] } },
{ "type": "Feature", "properties": { "element": "node", "id": 13592448095, "amenity": null, "religion": "shinto", "name": "庚申塔" }, "geometry": { "type": "Point", "coordinates": [ 139.5607843, 35.322473 ] } },
{ "type": "Feature", "properties": { "element": "node", "id": 13592448096, "amenity": null, "religion": "shinto", "name": null }, "geometry": { "type": "Point", "coordinates": [ 139.5607853, 35.322479 ] } },
{ "type": "Feature", "properties": { "element": "node", "id": 13592466103, "amenity": null, "religion": "buddhist", "name": null }, "geometry": { "type": "Point", "coordinates": [ 139.5669658, 35.3169844 ] } },
{ "type": "Feature", "properties": { "element": "node", "id": 13592466105, "amenity": null, "religion": "buddhist", "name": null }, "geometry": { "type": "Point", "coordinates": [ 139.5668498, 35.315616299999988 ] } },
{ "type": "Feature", "properties": { "element": "node", "id": 13592466109, "amenity": null, "religion": "buddhist", "name": null }, "geometry": { "type": "Point", "coordinates": [ 139.5684517, 35.3134301 ] } },
{ "type": "Feature", "properties": { "element": "node", "id": 13592466115, "amenity": null, "religion": "shinto", "name": null }, "geometry": { "type": "Point", "coordinates": [ 139.56823510000001, 35.3109327 ] } },
{ "type": "Feature", "properties": { "element": "node", "id": 13592466116, "amenity": null, "religion": "buddhist", "name": null }, "geometry": { "type": "Point", "coordinates": [ 139.5681231, 35.3110394 ] } },
{ "type": "Feature", "properties": { "element": "way", "id": 25726652, "amenity": "place_of_worship", "religion": "christian", "name": "鎌倉恩寵教会" }, "geometry": { "type": "Polygon", "coordinates": [ [ [ 139.5440228, 35.319987599999983 ], [ 139.5441384, 35.3199538 ], [ 139.5440925, 35.3198875 ], [ 139.5441045, 35.31985190000001 ], [ 139.5440103, 35.3198027 ], [ 139.543937699999987, 35.3198679 ], [ 139.5440228, 35.319987599999983 ] ] ] } },
{ "type": "Feature", "properties": { "element": "way", "id": 34547350, "amenity": "place_of_worship", "religion": "shinto", "name": "舞殿" }, "geometry": { "type": "Polygon", "coordinates": [ [ [ 139.5560002, 35.325552 ], [ 139.556136, 35.3254987 ], [ 139.5560865, 35.3254147 ], [ 139.555950700000011, 35.3254681 ], [ 139.5560002, 35.325552 ] ] ] } },
{ "type": "Feature", "properties": { "element": "way", "id": 34550401, "amenity": "place_of_worship", "religion": "shinto", "name": "鶴岡八幡宮" }, "geometry": { "type": "Polygon", "coordinates": [ [ [ 139.556576900000039, 35.3267931 ], [ 139.55675260000001, 35.3266782 ], [ 139.5572005, 35.3265217 ], [ 139.5572783, 35.3261683 ], [ 139.557562600000011, 35.3258587 ], [ 139.557779900000014, 35.3256945 ], [ 139.557914, 35.3256278 ], [ 139.5579636, 35.3254965 ], [ 139.557937900000013, 35.325407799999986 ], [ 139.5579126, 35.325354799999985 ], [ 139.557853599999987, 35.3253597 ], [ 139.557765100000012, 35.3249888 ], [ 139.557395899999989, 35.3244079 ], [ 139.5572381, 35.3241911 ], [ 139.5565686, 35.3233314 ], [ 139.5564463, 35.323338699999987 ], [ 139.5563334, 35.323223 ], [ 139.5551614, 35.3237496 ], [ 139.5551104, 35.323669700000011 ], [ 139.5539544, 35.3242902 ], [ 139.553917500000011, 35.324341 ], [ 139.5539115, 35.3243854 ], [ 139.553920799999986, 35.3244351 ], [ 139.554406300000011, 35.3250123 ], [ 139.5546927, 35.32536360000001 ], [ 139.5549072, 35.3256497 ], [ 139.5552606, 35.3261147 ], [ 139.5553759, 35.3262323 ], [ 139.555569100000014, 35.3263855 ], [ 139.5557092, 35.3264862 ], [ 139.555897, 35.3266645 ], [ 139.555995, 35.32681 ], [ 139.556074700000011, 35.3268981 ], [ 139.556176, 35.3270757 ], [ 139.556196699999987, 35.327112 ], [ 139.5566366, 35.3269386 ], [ 139.556576900000039, 35.3267931 ] ] ] } },
{ "type": "Feature", "properties": { "element": "way", "id": 34550404, "amenity": "place_of_worship", "religion": "shinto", "name": "若宮" }, "geometry": { "type": "Polygon", "coordinates": [ [ [ 139.5562478, 35.325435400000018 ], [ 139.5562831, 35.3254865 ], [ 139.55626860000001, 35.3254934 ], [ 139.5563267, 35.3255952 ], [ 139.556340299999988, 35.3256133 ], [ 139.5565225, 35.3255408 ], [ 139.5564831, 35.325475 ], [ 139.556448100000011, 35.3254163 ], [ 139.556405500000011, 35.3254333 ], [ 139.55637870000001, 35.3253886 ], [ 139.5563369, 35.325405199999985 ], [ 139.5562478, 35.325435400000018 ] ] ] } },
{ "type": "Feature", "properties": { "element": "way", "id": 34582197, "amenity": "place_of_worship", "religion": "shinto", "name": "齋館" }, "geometry": { "type": "Polygon", "coordinates": [ [ [ 139.5568371, 35.3240888 ], [ 139.556895, 35.3241795 ], [ 139.5568605, 35.3241942 ], [ 139.5568404, 35.3241627 ], [ 139.556699400000014, 35.3242226 ], [ 139.5567513, 35.3243038 ], [ 139.556834900000041, 35.3242683 ], [ 139.556858299999988, 35.3243049 ], [ 139.5569607, 35.3242614 ], [ 139.5569056, 35.324175 ], [ 139.5569544, 35.324154299999989 ], [ 139.5570051, 35.3242338 ], [ 139.557090100000011, 35.3241976 ], [ 139.5569966, 35.324051 ], [ 139.5569485, 35.324071499999988 ], [ 139.5569334, 35.3240479 ], [ 139.5568371, 35.3240888 ] ] ] } },
{ "type": "Feature", "properties": { "element": "way", "id": 34742564, "amenity": null, "religion": "shinto", "name": "社務所" }, "geometry": { "type": "Polygon", "coordinates": [ [ [ 139.5559967, 35.3251328 ], [ 139.556137200000023, 35.3250781 ], [ 139.5561679, 35.3250647 ], [ 139.5561222, 35.3249897 ], [ 139.556080900000012, 35.3249267 ], [ 139.5560401, 35.32485350000001 ], [ 139.5560332, 35.324841 ], [ 139.555925800000011, 35.3248841 ], [ 139.555931500000014, 35.3248943 ], [ 139.5559137, 35.3249012 ], [ 139.555928099999988, 35.324925799999988 ], [ 139.555953499999987, 35.3249157 ], [ 139.5559719, 35.3249505 ], [ 139.555988, 35.3249477 ], [ 139.5560061, 35.3249885 ], [ 139.555971, 35.3250016 ], [ 139.555977500000012, 35.3250131 ], [ 139.555982300000011, 35.325020199999983 ], [ 139.5559399, 35.3250388 ], [ 139.5559967, 35.3251328 ] ] ] } },
{ "type": "Feature", "properties": { "element": "way", "id": 47795378, "amenity": null, "religion": "shinto", "name": "社務所" }, "geometry": { "type": "Polygon", "coordinates": [ [ [ 139.5391656, 35.3245215 ], [ 139.5392632, 35.3245195 ], [ 139.539263799999986, 35.3244531 ], [ 139.5392091, 35.3244533 ], [ 139.539166599999987, 35.3244536 ], [ 139.5391656, 35.3245215 ] ] ] } },
{ "type": "Feature", "properties": { "element": "way", "id": 53625049, "amenity": null, "religion": "buddhist", "name": "得月楼" }, "geometry": { "type": "Polygon", "coordinates": [ [ [ 139.555723300000011, 35.3321095 ], [ 139.5554541, 35.3319224 ], [ 139.5554072, 35.3318898 ], [ 139.5554244, 35.3318736 ], [ 139.5555234, 35.3317809 ], [ 139.555830899999989, 35.3320009 ], [ 139.555723300000011, 35.3321095 ] ] ] } },
{ "type": "Feature", "properties": { "element": "way", "id": 53625050, "amenity": null, "religion": "buddhist", "name": "法堂" }, "geometry": { "type": "Polygon", "coordinates": [ [ [ 139.554914800000034, 35.3315565 ], [ 139.5547272, 35.3314401 ], [ 139.5548982, 35.3312717 ], [ 139.5550756, 35.3313884 ], [ 139.554914800000034, 35.3315565 ] ] ] } },
{ "type": "Feature", "properties": { "element": "way", "id": 53625052, "amenity": null, "religion": "buddhist", "name": "龍王殿" }, "geometry": { "type": "Polygon", "coordinates": [ [ [ 139.5552602, 35.3321774 ], [ 139.555243, 35.332163 ], [ 139.555234500000012, 35.332156 ], [ 139.5552276, 35.3321504 ], [ 139.5550848, 35.3320298 ], [ 139.5551576, 35.3319691 ], [ 139.555142600000011, 35.331955599999986 ], [ 139.5552104, 35.3319017 ], [ 139.5552279, 35.3319105 ], [ 139.5552511, 35.3318901 ], [ 139.555298200000038, 35.331851900000011 ], [ 139.5553654, 35.3319069 ], [ 139.5554213, 35.3319526 ], [ 139.5554778, 35.3319988 ], [ 139.5552602, 35.3321774 ] ] ] } },
{ "type": "Feature", "properties": { "element": "way", "id": 53625054, "amenity": null, "religion": "buddhist", "name": "僧堂" }, "geometry": { "type": "Polygon", "coordinates": [ [ [ 139.5550704, 35.3306605 ], [ 139.5549709, 35.3306038 ], [ 139.555102800000014, 35.3304404 ], [ 139.555165500000015, 35.3304734 ], [ 139.555183200000016, 35.330458 ], [ 139.555445099999986, 35.3306003 ], [ 139.555358500000011, 35.3307156 ], [ 139.5551643, 35.3306138 ], [ 139.555178399999988, 35.3305951 ], [ 139.555143, 35.3305795 ], [ 139.5550704, 35.3306605 ] ] ] } },
{ "type": "Feature", "properties": { "element": "way", "id": 53625056, "amenity": null, "religion": "buddhist", "name": "昭堂" }, "geometry": { "type": "Polygon", "coordinates": [ [ [ 139.555489, 35.3306389 ], [ 139.5555316, 35.3305727 ], [ 139.5555737, 35.3305074 ], [ 139.555723, 35.330569 ], [ 139.5556446, 35.33070080000001 ], [ 139.555489, 35.3306389 ] ] ] } },
{ "type": "Feature", "properties": { "element": "way", "id": 53625057, "amenity": null, "religion": "buddhist", "name": "大徹堂" }, "geometry": { "type": "Polygon", "coordinates": [ [ [ 139.5552947, 35.3303845 ], [ 139.5553705, 35.3302891 ], [ 139.555531699999989, 35.3303639 ], [ 139.5554716, 35.3304665 ], [ 139.5552947, 35.3303845 ] ] ] } },
{ "type": "Feature", "properties": { "element": "way", "id": 53625058, "amenity": null, "religion": "buddhist", "name": "仏殿" }, "geometry": { "type": "Polygon", "coordinates": [ [ [ 139.554543700000011, 35.3312751 ], [ 139.5546582, 35.3311566 ], [ 139.554800699999987, 35.3312485 ], [ 139.554689700000011, 35.3313728 ], [ 139.554543700000011, 35.3312751 ] ] ] } },
{ "type": "Feature", "properties": { "element": "way", "id": 53625128, "amenity": null, "religion": "buddhist", "name": "天源院" }, "geometry": { "type": "Polygon", "coordinates": [ [ [ 139.554834699999986, 35.3330866 ], [ 139.5548348, 35.3329705 ], [ 139.554912300000012, 35.3329693 ], [ 139.5549122, 35.3329829 ], [ 139.554946300000012, 35.3329823 ], [ 139.554973499999988, 35.3329818 ], [ 139.5549761, 35.3330026 ], [ 139.555046600000026, 35.3329988 ], [ 139.5550465, 35.333105 ], [ 139.5549742, 35.3331042 ], [ 139.55497170000001, 35.3331425 ], [ 139.5549045, 35.333143 ], [ 139.5549026, 35.3330842 ], [ 139.554834699999986, 35.3330866 ] ] ] } },
{ "type": "Feature", "properties": { "element": "way", "id": 53625129, "amenity": null, "religion": "buddhist", "name": "正統院" }, "geometry": { "type": "Polygon", "coordinates": [ [ [ 139.556109, 35.3328584 ], [ 139.555992800000013, 35.332790599999989 ], [ 139.556039199999987, 35.3327377 ], [ 139.556085700000011, 35.3326847 ], [ 139.556216799999987, 35.3327612 ], [ 139.556184, 35.3327987 ], [ 139.556176099999988, 35.332794099999987 ], [ 139.556153099999989, 35.3328203 ], [ 139.556177, 35.3328343 ], [ 139.556150800000012, 35.3328642 ], [ 139.5561198, 35.3328461 ], [ 139.556109, 35.3328584 ] ] ] } },
{ "type": "Feature", "properties": { "element": "way", "id": 53625130, "amenity": null, "religion": "buddhist", "name": "宝珠院" }, "geometry": { "type": "Polygon", "coordinates": [ [ [ 139.554499, 35.33225 ], [ 139.5544654, 35.33221 ], [ 139.5544425, 35.3322214 ], [ 139.5543208, 35.332066200000014 ], [ 139.55444540000002, 35.331999 ], [ 139.554528299999987, 35.3321116 ], [ 139.554498099999989, 35.332129 ], [ 139.5545248, 35.332159199999985 ], [ 139.554561799999988, 35.3321424 ], [ 139.554549400000013, 35.3321264 ], [ 139.5546398, 35.3320798 ], [ 139.554685299999989, 35.3321372 ], [ 139.5546123, 35.3321744 ], [ 139.5546187, 35.3321863 ], [ 139.554499, 35.33225 ] ] ] } },
{ "type": "Feature", "properties": { "element": "way", "id": 53625131, "amenity": null, "religion": "buddhist", "name": "龍峰院" }, "geometry": { "type": "Polygon", "coordinates": [ [ [ 139.5544682, 35.33287030000001 ], [ 139.554428800000011, 35.3328132 ], [ 139.5544643, 35.3327958 ], [ 139.554415799999987, 35.3327316 ], [ 139.5543558, 35.3327609 ], [ 139.554319600000014, 35.3327117 ], [ 139.554375, 35.3326842 ], [ 139.5543403, 35.332638599999989 ], [ 139.5544854, 35.3325702 ], [ 139.5545428, 35.3326501 ], [ 139.5545921, 35.332717700000011 ], [ 139.5545663, 35.3327294 ], [ 139.554624600000011, 35.3328086 ], [ 139.5545474, 35.3328479 ], [ 139.5545386, 35.3328371 ], [ 139.5544682, 35.33287030000001 ] ] ] } },
{ "type": "Feature", "properties": { "element": "way", "id": 53625162, "amenity": null, "religion": "buddhist", "name": "回春院" }, "geometry": { "type": "Polygon", "coordinates": [ [ [ 139.5580905, 35.332727699999985 ], [ 139.5580923, 35.332584 ], [ 139.558124, 35.332584299999986 ], [ 139.5581549, 35.33258450000001 ], [ 139.5581545, 35.3326158 ], [ 139.558215499999989, 35.3326163 ], [ 139.55821610000001, 35.3325704 ], [ 139.5582939, 35.3325711 ], [ 139.558366700000022, 35.3325717 ], [ 139.5583651, 35.3326985 ], [ 139.5582728, 35.3326977 ], [ 139.5582724, 35.3327292 ], [ 139.5580905, 35.332727699999985 ] ] ] } },
{ "type": "Feature", "properties": { "element": "way", "id": 53625185, "amenity": null, "religion": "buddhist", "name": "半僧坊大権現" }, "geometry": { "type": "Polygon", "coordinates": [ [ [ 139.5586816, 35.334565499999989 ], [ 139.5586069, 35.334476 ], [ 139.558625, 35.334466 ], [ 139.5586477, 35.3344533 ], [ 139.5587148, 35.334416 ], [ 139.558762800000011, 35.3343893 ], [ 139.55883750000001, 35.3344789 ], [ 139.5586816, 35.334565499999989 ] ] ] } },
{ "type": "Feature", "properties": { "element": "way", "id": 53625186, "amenity": null, "religion": "buddhist", "name": null }, "geometry": { "type": "Polygon", "coordinates": [ [ [ 139.5586453, 35.3346735 ], [ 139.5585374, 35.334547 ], [ 139.558584500000023, 35.3345203 ], [ 139.5586204, 35.3344999 ], [ 139.558728300000013, 35.3346263 ], [ 139.5586453, 35.3346735 ] ] ] } },
{ "type": "Feature", "properties": { "element": "way", "id": 53787674, "amenity": null, "religion": "buddhist", "name": "本堂" }, "geometry": { "type": "Polygon", "coordinates": [ [ [ 139.5515973, 35.3349121 ], [ 139.5515805, 35.33494 ], [ 139.5514152, 35.3348741 ], [ 139.5513805, 35.3348603 ], [ 139.5513566, 35.3348508 ], [ 139.551296, 35.3349369 ], [ 139.551199, 35.3348959 ], [ 139.5512606, 35.3347988 ], [ 139.5512714, 35.3348034 ], [ 139.5512922, 35.3347708 ], [ 139.5513468, 35.3347938 ], [ 139.551389699999987, 35.3347262 ], [ 139.5514407, 35.3347477 ], [ 139.551430900000014, 35.334763099999989 ], [ 139.5514875, 35.334787 ], [ 139.5515058, 35.3347583 ], [ 139.551649700000013, 35.3348212 ], [ 139.5515973, 35.3349121 ] ] ] } },
{ "type": "Feature", "properties": { "element": "way", "id": 54014079, "amenity": "place_of_worship", "religion": null, "name": "自動車祈祷所" }, "geometry": { "type": "Polygon", "coordinates": [ [ [ 139.555623, 35.326403 ], [ 139.5556037, 35.326389399999989 ], [ 139.5555905, 35.3263802 ], [ 139.555582500000014, 35.3263746 ], [ 139.555544700000013, 35.3263458 ], [ 139.5554641, 35.3262829 ], [ 139.5554224, 35.32624950000001 ], [ 139.555375700000013, 35.326204 ], [ 139.5553698, 35.3261981 ], [ 139.5553624, 35.3261907 ], [ 139.5553448, 35.3261743 ], [ 139.5553847, 35.3261425 ], [ 139.5554697, 35.326216 ], [ 139.5555656, 35.3262991 ], [ 139.555630900000011, 35.3263555 ], [ 139.5556401, 35.3263635 ], [ 139.555647099999987, 35.3263696 ], [ 139.555660499999988, 35.3263812 ], [ 139.555623, 35.326403 ] ] ] } },
{ "type": "Feature", "properties": { "element": "way", "id": 54028634, "amenity": null, "religion": "buddhist", "name": "妙高院" }, "geometry": { "type": "Polygon", "coordinates": [ [ [ 139.553883500000012, 35.3305332 ], [ 139.5539837, 35.3304036 ], [ 139.5541668, 35.3304933 ], [ 139.554072, 35.3306306 ], [ 139.553883500000012, 35.3305332 ] ] ] } },
{ "type": "Feature", "properties": { "element": "way", "id": 166812875, "amenity": "grave_yard", "religion": "buddhist", "name": null }, "geometry": { "type": "Polygon", "coordinates": [ [ [ 139.5576973, 35.3177021 ], [ 139.557607, 35.3178073 ], [ 139.557562499999989, 35.317938 ], [ 139.557582700000012, 35.3180407 ], [ 139.5576747, 35.3181287 ], [ 139.557795700000014, 35.3181401 ], [ 139.557902, 35.3181396 ], [ 139.55798, 35.3181109 ], [ 139.5580032, 35.3180358 ], [ 139.557958400000018, 35.3179485 ], [ 139.557887599999987, 35.3178542 ], [ 139.557842099999988, 35.3177171 ], [ 139.557787499999989, 35.3176782 ], [ 139.5576973, 35.3177021 ] ] ] } },
{ "type": "Feature", "properties": { "element": "way", "id": 167408517, "amenity": "place_of_worship", "religion": "buddhist", "name": "宝戒寺" }, "geometry": { "type": "Polygon", "coordinates": [ [ [ 139.558447699999988, 35.3221908 ], [ 139.558397, 35.3221396 ], [ 139.5584652, 35.3220913 ], [ 139.5584504, 35.3220749 ], [ 139.5585094, 35.3220317 ], [ 139.558395600000011, 35.321917 ], [ 139.5582975, 35.3219764 ], [ 139.5583053, 35.3219945 ], [ 139.5582895, 35.322003899999984 ], [ 139.5582613, 35.3219907 ], [ 139.558221800000013, 35.3220202 ], [ 139.558204, 35.3220081 ], [ 139.5581594, 35.3220399 ], [ 139.558161399999989, 35.3220498 ], [ 139.558145, 35.3220599 ], [ 139.558172, 35.3220912 ], [ 139.558111200000042, 35.3221276 ], [ 139.5580655, 35.322105 ], [ 139.558029, 35.3220689 ], [ 139.5578657, 35.3221805 ], [ 139.55789390000001, 35.3222112 ], [ 139.557866600000011, 35.3222309 ], [ 139.5579361, 35.3222965 ], [ 139.5579643, 35.3222823 ], [ 139.5580056, 35.3223174 ], [ 139.5581618, 35.3222048 ], [ 139.558143699999988, 35.3221829 ], [ 139.558217, 35.3221363 ], [ 139.5583398, 35.3222605 ], [ 139.558447699999988, 35.3221908 ] ] ] } },
{ "type": "Feature", "properties": { "element": "way", "id": 167408638, "amenity": "place_of_worship", "religion": "buddhist", "name": "本覚寺" }, "geometry": { "type": "Polygon", "coordinates": [ [ [ 139.55232190000001, 35.3178172 ], [ 139.5525202, 35.3177608 ], [ 139.5526609, 35.3177209 ], [ 139.5528244, 35.3176744 ], [ 139.5532517, 35.317553 ], [ 139.553180400000031, 35.3173312 ], [ 139.5531818, 35.3172851 ], [ 139.5531834, 35.3172354 ], [ 139.553200800000013, 35.3172233 ], [ 139.5532339, 35.31720030000001 ], [ 139.5529056, 35.3167355 ], [ 139.5519223, 35.3171288 ], [ 139.55232190000001, 35.3178172 ] ] ] } },
{ "type": "Feature", "properties": { "element": "way", "id": 189215821, "amenity": "place_of_worship", "religion": "christian", "name": "鎌倉雪之下教会" }, "geometry": { "type": "Polygon", "coordinates": [ [ [ 139.5530798, 35.31944 ], [ 139.552902300000028, 35.3195147 ], [ 139.5528105, 35.3193693 ], [ 139.552844099999987, 35.3193552 ], [ 139.5528161, 35.3193109 ], [ 139.552864, 35.3192907 ], [ 139.5528857, 35.3193249 ], [ 139.55286670000001, 35.319333 ], [ 139.5528732, 35.3193433 ], [ 139.5529881, 35.3192949 ], [ 139.5530798, 35.31944 ] ] ] } },
{ "type": "Feature", "properties": { "element": "way", "id": 191655804, "amenity": "place_of_worship", "religion": "buddhist", "name": "別願寺" }, "geometry": { "type": "Polygon", "coordinates": [ [ [ 139.5551721, 35.3144035 ], [ 139.55505740000001, 35.3142158 ], [ 139.5547678, 35.3143356 ], [ 139.5549307, 35.3145627 ], [ 139.5551721, 35.3144035 ] ] ] } },
{ "type": "Feature", "properties": { "element": "way", "id": 191655808, "amenity": "place_of_worship", "religion": "buddhist", "name": "安養院" }, "geometry": { "type": "Polygon", "coordinates": [ [ [ 139.5558728, 35.3141501 ], [ 139.5557642, 35.3140363 ], [ 139.555573800000019, 35.3138766 ], [ 139.5554732, 35.3137879 ], [ 139.554964899999987, 35.3140418 ], [ 139.555158, 35.3143187 ], [ 139.5552559, 35.3143515 ], [ 139.555430300000012, 35.314276 ], [ 139.55563010000003, 35.3142508 ], [ 139.5557736, 35.3142257 ], [ 139.5558728, 35.3141501 ] ] ] } },
{ "type": "Feature", "properties": { "element": "way", "id": 191657576, "amenity": "place_of_worship", "religion": "buddhist", "name": "上行寺" }, "geometry": { "type": "Polygon", "coordinates": [ [ [ 139.5547215, 35.3140839 ], [ 139.5550494, 35.313905 ], [ 139.554923300000013, 35.3136177 ], [ 139.5545921, 35.3137452 ], [ 139.5547215, 35.3140839 ] ] ] } },
{ "type": "Feature", "properties": { "element": "way", "id": 191657922, "amenity": "place_of_worship", "religion": "shinto", "name": "八雲神社" }, "geometry": { "type": "Polygon", "coordinates": [ [ [ 139.5541692, 35.3151645 ], [ 139.5543932, 35.3151647 ], [ 139.554393, 35.3152922 ], [ 139.5547362, 35.3152925 ], [ 139.554736600000012, 35.3150718 ], [ 139.5548504, 35.3150719 ], [ 139.554850499999986, 35.315018 ], [ 139.5545234, 35.3150176 ], [ 139.5545233, 35.3150841 ], [ 139.554169300000012, 35.31508370000001 ], [ 139.5541692, 35.3151645 ] ] ] } },
{ "type": "Feature", "properties": { "element": "way", "id": 191661436, "amenity": "place_of_worship", "religion": "buddhist", "name": "常栄寺(ぼたもち寺)" }, "geometry": { "type": "Polygon", "coordinates": [ [ [ 139.5541301, 35.315647199999987 ], [ 139.5545787, 35.3156724 ], [ 139.5545357, 35.3158113 ], [ 139.5544888, 35.3159394 ], [ 139.5544231, 35.3159886 ], [ 139.5541173, 35.3159755 ], [ 139.5541079, 35.3158857 ], [ 139.5541254, 35.3158048 ], [ 139.5541301, 35.315647199999987 ] ] ] } },
{ "type": "Feature", "properties": { "element": "way", "id": 192931041, "amenity": "place_of_worship", "religion": "buddhist", "name": "月影地蔵堂" }, "geometry": { "type": "Polygon", "coordinates": [ [ [ 139.526337, 35.3118371 ], [ 139.5263543, 35.3117878 ], [ 139.5264253, 35.3118043 ], [ 139.526408, 35.311853599999985 ], [ 139.526337, 35.3118371 ] ] ] } },
{ "type": "Feature", "properties": { "element": "way", "id": 194756857, "amenity": "place_of_worship", "religion": "buddhist", "name": "大巧寺" }, "geometry": { "type": "Polygon", "coordinates": [ [ [ 139.5526405, 35.3184715 ], [ 139.5528313, 35.3184082 ], [ 139.552854, 35.3184491 ], [ 139.5528802, 35.3184426 ], [ 139.5529052, 35.3184971 ], [ 139.5528433, 35.3185181 ], [ 139.5528553, 35.3185449 ], [ 139.55270440000001, 35.3185867 ], [ 139.5526405, 35.3184715 ] ] ] } },
{ "type": "Feature", "properties": { "element": "way", "id": 200204492, "amenity": "place_of_worship", "religion": "shinto", "name": null }, "geometry": { "type": "Polygon", "coordinates": [ [ [ 139.5370615, 35.3104757 ], [ 139.5370541, 35.3101823 ], [ 139.5372169, 35.3101791 ], [ 139.5372265, 35.3104752 ], [ 139.5370615, 35.3104757 ] ] ] } },
{ "type": "Feature", "properties": { "element": "way", "id": 377290579, "amenity": "place_of_worship", "religion": "shinto", "name": "五所神社" }, "geometry": { "type": "Polygon", "coordinates": [ [ [ 139.5551332, 35.3087948 ], [ 139.5552564, 35.3087566 ], [ 139.5551285, 35.3084935 ], [ 139.5549805, 35.3085471 ], [ 139.5551332, 35.3087948 ] ] ] } },
{ "type": "Feature", "properties": { "element": "way", "id": 377290580, "amenity": "place_of_worship", "religion": "shinto", "name": "八幡宮" }, "geometry": { "type": "Polygon", "coordinates": [ [ [ 139.5577677, 35.2968386 ], [ 139.5580007, 35.2968885 ], [ 139.5580282, 35.296794599999984 ], [ 139.5577436, 35.2967454 ], [ 139.5577677, 35.2968386 ] ] ] } },
{ "type": "Feature", "properties": { "element": "way", "id": 377290582, "amenity": "place_of_worship", "religion": "shinto", "name": "天照大神社" }, "geometry": { "type": "Polygon", "coordinates": [ [ [ 139.558873900000037, 35.296837099999983 ], [ 139.558874800000012, 35.297217 ], [ 139.558681, 35.2971981 ], [ 139.5585475, 35.2971012 ], [ 139.5587459, 35.2968741 ], [ 139.558873900000037, 35.296837099999983 ] ] ] } },
{ "type": "Feature", "properties": { "element": "way", "id": 377290583, "amenity": null, "religion": "shinto", "name": null }, "geometry": { "type": "Polygon", "coordinates": [ [ [ 139.559888199999989, 35.295664 ], [ 139.5598727, 35.295624699999983 ], [ 139.5598262, 35.2956369 ], [ 139.5598417, 35.2956762 ], [ 139.559888199999989, 35.295664 ] ] ] } },
{ "type": "Feature", "properties": { "element": "way", "id": 377290590, "amenity": "place_of_worship", "religion": "shinto", "name": "披露山神社" }, "geometry": { "type": "Polygon", "coordinates": [ [ [ 139.5644428, 35.297031699999984 ], [ 139.5645881, 35.2970968 ], [ 139.5646573, 35.2969939 ], [ 139.5645121, 35.2969288 ], [ 139.5644428, 35.297031699999984 ] ] ] } },
{ "type": "Feature", "properties": { "element": "way", "id": 377290592, "amenity": "place_of_worship", "religion": "shinto", "name": "新宿稲荷神社" }, "geometry": { "type": "Polygon", "coordinates": [ [ [ 139.5687671, 35.2955206 ], [ 139.5686447, 35.2953069 ], [ 139.5684857, 35.2953303 ], [ 139.568564200000026, 35.2954868 ], [ 139.5687671, 35.2955206 ] ] ] } },
{ "type": "Feature", "properties": { "element": "way", "id": 377290597, "amenity": "place_of_worship", "religion": "shinto", "name": "諏訪神社" }, "geometry": { "type": "Polygon", "coordinates": [ [ [ 139.55982, 35.2957366 ], [ 139.55992710000001, 35.295703299999985 ], [ 139.5598673, 35.295575499999984 ], [ 139.5597603, 35.2956088 ], [ 139.55982, 35.2957366 ] ] ] } },
{ "type": "Feature", "properties": { "element": "way", "id": 377290632, "amenity": "place_of_worship", "religion": "shinto", "name": "須賀神社" }, "geometry": { "type": "Polygon", "coordinates": [ [ [ 139.5579775, 35.2987527 ], [ 139.5580343, 35.2987157 ], [ 139.5579275, 35.2985987 ], [ 139.557862, 35.2986458 ], [ 139.5579775, 35.2987527 ] ] ] } },
{ "type": "Feature", "properties": { "element": "way", "id": 377295117, "amenity": "place_of_worship", "religion": "shinto", "name": "由比若宮(元八幡)" }, "geometry": { "type": "Polygon", "coordinates": [ [ [ 139.552578899999986, 35.3128519 ], [ 139.552722100000011, 35.3127715 ], [ 139.552564600000011, 35.312563599999983 ], [ 139.5524005, 35.3126423 ], [ 139.552578899999986, 35.3128519 ] ] ] } },
{ "type": "Feature", "properties": { "element": "way", "id": 377295125, "amenity": "place_of_worship", "religion": "shinto", "name": "蛭子神社" }, "geometry": { "type": "Polygon", "coordinates": [ [ [ 139.554201400000011, 35.3188664 ], [ 139.5543255, 35.3188127 ], [ 139.554478, 35.3187216 ], [ 139.554287, 35.3185684 ], [ 139.5540368, 35.318654 ], [ 139.554201400000011, 35.3188664 ] ] ] } },
{ "type": "Feature", "properties": { "element": "way", "id": 390566747, "amenity": null, "religion": "shinto", "name": null }, "geometry": { "type": "Polygon", "coordinates": [ [ [ 139.5325777, 35.3111603 ], [ 139.532715, 35.3110347 ], [ 139.532658, 35.310993299999986 ], [ 139.5325207, 35.3111189 ], [ 139.5325777, 35.3111603 ] ] ] } },
{ "type": "Feature", "properties": { "element": "way", "id": 390566748, "amenity": "place_of_worship", "religion": "shinto", "name": "御霊神社" }, "geometry": { "type": "Polygon", "coordinates": [ [ [ 139.532840599999986, 35.3114113 ], [ 139.533328399999988, 35.3108512 ], [ 139.532503600000013, 35.3108022 ], [ 139.5322744, 35.3111333 ], [ 139.532840599999986, 35.3114113 ] ] ] } },
{ "type": "Feature", "properties": { "element": "way", "id": 390566751, "amenity": "place_of_worship", "religion": "shinto", "name": "熊野神社" }, "geometry": { "type": "Polygon", "coordinates": [ [ [ 139.530880700000012, 35.3112806 ], [ 139.530945700000018, 35.3113354 ], [ 139.531191400000012, 35.3111196 ], [ 139.5308914, 35.3109193 ], [ 139.5307947, 35.310999700000011 ], [ 139.5308001, 35.3111532 ], [ 139.530880700000012, 35.3112806 ] ] ] } },
{ "type": "Feature", "properties": { "element": "way", "id": 454491904, "amenity": "place_of_worship", "religion": "shinto", "name": "大倉稲荷社" }, "geometry": { "type": "Polygon", "coordinates": [ [ [ 139.561228199999988, 35.3221377 ], [ 139.561182, 35.3221 ], [ 139.5612266, 35.3220662 ], [ 139.5612705, 35.3221049 ], [ 139.561228199999988, 35.3221377 ] ] ] } },
{ "type": "Feature", "properties": { "element": "way", "id": 455185161, "amenity": "place_of_worship", "religion": "shinto", "name": "旗上弁財天社" }, "geometry": { "type": "Polygon", "coordinates": [ [ [ 139.555943899999988, 35.3239307 ], [ 139.555938, 35.3239122 ], [ 139.555931500000014, 35.3238918 ], [ 139.5559989, 35.3238771 ], [ 139.5560123, 35.3239187 ], [ 139.555943899999988, 35.3239307 ] ] ] } },
{ "type": "Feature", "properties": { "element": "way", "id": 490003820, "amenity": null, "religion": "buddhist", "name": "高徳院" }, "geometry": { "type": "Polygon", "coordinates": [ [ [ 139.535461700000013, 35.316755699999987 ], [ 139.535526, 35.3170706 ], [ 139.5361805, 35.3169817 ], [ 139.536159700000013, 35.3168798 ], [ 139.5361127, 35.3168862 ], [ 139.5360666, 35.3168925 ], [ 139.53604390000001, 35.3167814 ], [ 139.535993499999989, 35.3167882 ], [ 139.5359707, 35.316791299999984 ], [ 139.5359475, 35.3166782 ], [ 139.535909299999986, 35.3166834 ], [ 139.535867, 35.3166891 ], [ 139.535919, 35.3169441 ], [ 139.5355939, 35.3169883 ], [ 139.53554410000001, 35.316744499999984 ], [ 139.535461700000013, 35.316755699999987 ] ] ] } },
{ "type": "Feature", "properties": { "element": "way", "id": 549825989, "amenity": "place_of_worship", "religion": "shinto", "name": "鎌倉宮" }, "geometry": { "type": "Polygon", "coordinates": [ [ [ 139.5669691, 35.3265592 ], [ 139.5672451, 35.326332 ], [ 139.567588199999989, 35.326413 ], [ 139.5676623, 35.3262208 ], [ 139.5671037, 35.3258488 ], [ 139.5667159, 35.3255141 ], [ 139.5663216, 35.3252289 ], [ 139.5659072, 35.3256662 ], [ 139.566025599999989, 35.3257881 ], [ 139.566205700000012, 35.3260125 ], [ 139.5666961, 35.326382099999989 ], [ 139.5669691, 35.3265592 ] ] ] } },
{ "type": "Feature", "properties": { "element": "way", "id": 556197964, "amenity": "place_of_worship", "religion": "shinto", "name": "荏柄天神社" }, "geometry": { "type": "Polygon", "coordinates": [ [ [ 139.5642292, 35.325984 ], [ 139.564417, 35.3259468 ], [ 139.5645753, 35.3257761 ], [ 139.5645149, 35.3254653 ], [ 139.5641474, 35.3255167 ], [ 139.5639878, 35.325629399999983 ], [ 139.5639114, 35.3257323 ], [ 139.563902, 35.325868 ], [ 139.5640522, 35.3259555 ], [ 139.5642292, 35.325984 ] ] ] } },
{ "type": "Feature", "properties": { "element": "way", "id": 592971949, "amenity": "place_of_worship", "religion": "buddhist", "name": "大殿（本堂）" }, "geometry": { "type": "Polygon", "coordinates": [ [ [ 139.5548121, 35.303093799999985 ], [ 139.55451260000001, 35.3032161 ], [ 139.5545439, 35.303267299999987 ], [ 139.55450110000001, 35.303284699999985 ], [ 139.5545433, 35.3033535 ], [ 139.5545761, 35.303407 ], [ 139.5546108, 35.3033929 ], [ 139.5546486, 35.3034545 ], [ 139.5547338, 35.3034198 ], [ 139.5549332, 35.3033385 ], [ 139.5549562, 35.3033291 ], [ 139.5548121, 35.303093799999985 ] ] ] } },
{ "type": "Feature", "properties": { "element": "way", "id": 606025831, "amenity": "place_of_worship", "religion": "buddhist", "name": "高徳院" }, "geometry": { "type": "Polygon", "coordinates": [ [ [ 139.5367058, 35.3166101 ], [ 139.5365354, 35.3165292 ], [ 139.536241100000012, 35.3162107 ], [ 139.535999, 35.3158748 ], [ 139.535880500000019, 35.3156775 ], [ 139.535807299999988, 35.3155006 ], [ 139.5354223, 35.315541 ], [ 139.5352533, 35.3154819 ], [ 139.535230500000011, 35.3156581 ], [ 139.5351528, 35.3158671 ], [ 139.535009300000013, 35.3163257 ], [ 139.5349435, 35.3164679 ], [ 139.534962299999989, 35.3165401 ], [ 139.5351621, 35.3168805 ], [ 139.5353043, 35.3175414 ], [ 139.53572, 35.3175272 ], [ 139.535744200000011, 35.3174068 ], [ 139.53589310000001, 35.3172689 ], [ 139.5359963, 35.3171048 ], [ 139.5362149, 35.3170928 ], [ 139.536311500000011, 35.3171234 ], [ 139.5363638, 35.3171483 ], [ 139.5364145, 35.3171923 ], [ 139.536426799999987, 35.317142 ], [ 139.5364459, 35.3171215 ], [ 139.536536500000011, 35.3171379 ], [ 139.5367058, 35.3166101 ] ] ] } },
{ "type": "Feature", "properties": { "element": "way", "id": 659018990, "amenity": "place_of_worship", "religion": "shinto", "name": "住吉大明神" }, "geometry": { "type": "Polygon", "coordinates": [ [ [ 139.5535625, 35.2997511 ], [ 139.5535281, 35.2996273 ], [ 139.5536157, 35.299611 ], [ 139.5536501, 35.2997349 ], [ 139.5535625, 35.2997511 ] ] ] } },
{ "type": "Feature", "properties": { "element": "way", "id": 671115692, "amenity": "place_of_worship", "religion": "buddhist", "name": "本堂" }, "geometry": { "type": "Polygon", "coordinates": [ [ [ 139.5453152, 35.334978299999989 ], [ 139.54541, 35.335069099999984 ], [ 139.5455139, 35.3349969 ], [ 139.545473, 35.3349577 ], [ 139.5454191, 35.3349061 ], [ 139.5453152, 35.334978299999989 ] ] ] } },
{ "type": "Feature", "properties": { "element": "way", "id": 684563304, "amenity": "place_of_worship", "religion": "shinto", "name": "白旗神社" }, "geometry": { "type": "Polygon", "coordinates": [ [ [ 139.5570821, 35.3254915 ], [ 139.5571774, 35.3254577 ], [ 139.5571483, 35.3254059 ], [ 139.5571348, 35.32541 ], [ 139.5570677, 35.3254305 ], [ 139.5570544, 35.3254346 ], [ 139.5570821, 35.3254915 ] ] ] } },
{ "type": "Feature", "properties": { "element": "way", "id": 684563317, "amenity": "place_of_worship", "religion": "shinto", "name": "本殿" }, "geometry": { "type": "Polygon", "coordinates": [ [ [ 139.556396, 35.3262691 ], [ 139.556601800000038, 35.3261928 ], [ 139.556482100000011, 35.3259778 ], [ 139.5564492, 35.32599 ], [ 139.5563055, 35.3260433 ], [ 139.5562951, 35.3260471 ], [ 139.5562764, 35.3260541 ], [ 139.556396, 35.3262691 ] ] ] } },
{ "type": "Feature", "properties": { "element": "way", "id": 684563319, "amenity": null, "religion": "shinto", "name": null }, "geometry": { "type": "Polygon", "coordinates": [ [ [ 139.5562635, 35.3259695 ], [ 139.5562576, 35.3259718 ], [ 139.556129199999987, 35.326022099999989 ], [ 139.5563506, 35.326398599999983 ], [ 139.55674730000004, 35.3262433 ], [ 139.5565257, 35.3258666 ], [ 139.5563947, 35.3259179 ], [ 139.556390099999987, 35.3259197 ], [ 139.5564273, 35.3259828 ], [ 139.5564305, 35.3259882 ], [ 139.5564905, 35.3259647 ], [ 139.5566278, 35.326198 ], [ 139.556385, 35.3262931 ], [ 139.5562478, 35.3260599 ], [ 139.556262600000025, 35.3260541 ], [ 139.5563038, 35.326038 ], [ 139.556300099999987, 35.3260317 ], [ 139.5562635, 35.3259695 ] ] ] } },
{ "type": "Feature", "properties": { "element": "way", "id": 684563337, "amenity": "place_of_worship", "religion": "shinto", "name": "祖霊社" }, "geometry": { "type": "Polygon", "coordinates": [ [ [ 139.55550070000001, 35.3257788 ], [ 139.5555395, 35.3257625 ], [ 139.5555221, 35.325735 ], [ 139.5554833, 35.3257514 ], [ 139.55550070000001, 35.3257788 ] ] ] } },
{ "type": "Feature", "properties": { "element": "way", "id": 694072326, "amenity": null, "religion": "buddhist", "name": "曼荼羅堂やぐら群" }, "geometry": { "type": "Polygon", "coordinates": [ [ [ 139.5647965, 35.3084693 ], [ 139.5649467, 35.3084605 ], [ 139.5650755, 35.3083653 ], [ 139.5651325, 35.308252 ], [ 139.565168, 35.3081814 ], [ 139.565212300000013, 35.3080107 ], [ 139.5650876, 35.3076988 ], [ 139.564989700000012, 35.3075379 ], [ 139.5648381, 35.307516 ], [ 139.564704, 35.3075248 ], [ 139.5646504, 35.3075948 ], [ 139.5646463, 35.3076835 ], [ 139.5647281, 35.3077918 ], [ 139.56480590000001, 35.3078684 ], [ 139.5648046, 35.3079363 ], [ 139.564733499999988, 35.3080096 ], [ 139.5646571, 35.3080753 ], [ 139.564627600000023, 35.3081508 ], [ 139.5646195, 35.3083335 ], [ 139.5646571, 35.3084189 ], [ 139.5647281, 35.3084583 ], [ 139.5647965, 35.3084693 ] ] ] } },
{ "type": "Feature", "properties": { "element": "way", "id": 695594773, "amenity": "place_of_worship", "religion": "buddhist", "name": "妙長寺" }, "geometry": { "type": "Polygon", "coordinates": [ [ [ 139.554264100000012, 35.310037 ], [ 139.5540744, 35.3098362 ], [ 139.5537043, 35.3099959 ], [ 139.5536654, 35.309935799999984 ], [ 139.553466899999989, 35.309991599999989 ], [ 139.5534495, 35.309962 ], [ 139.5531839, 35.3100561 ], [ 139.5530029, 35.310078 ], [ 139.5530297, 35.310263 ], [ 139.5531967, 35.3102471 ], [ 139.55323420000002, 35.3103927 ], [ 139.553491, 35.310384499999984 ], [ 139.553512500000011, 35.3104468 ], [ 139.5536392, 35.3104135 ], [ 139.5535963, 35.3102826 ], [ 139.5538216, 35.3102099 ], [ 139.553803499999987, 35.31017 ], [ 139.5539638, 35.310095 ], [ 139.554264100000012, 35.310037 ] ] ] } },
{ "type": "Feature", "properties": { "element": "way", "id": 695594776, "amenity": "place_of_worship", "religion": "buddhist", "name": "九品寺" }, "geometry": { "type": "Polygon", "coordinates": [ [ [ 139.551651, 35.3075499 ], [ 139.552162, 35.3071778 ], [ 139.5521808, 35.3071417 ], [ 139.5521513, 35.3071034 ], [ 139.551993, 35.3071636 ], [ 139.5519595, 35.3071286 ], [ 139.5518951, 35.3071319 ], [ 139.55178380000001, 35.3070596 ], [ 139.5516792, 35.3069677 ], [ 139.551535699999988, 35.3070356 ], [ 139.5514968, 35.30701040000001 ], [ 139.5513345, 35.3070553 ], [ 139.55125670000001, 35.3069743 ], [ 139.5510837, 35.307156 ], [ 139.5511602, 35.3072337 ], [ 139.551242, 35.3071724 ], [ 139.551651, 35.3075499 ] ] ] } },
{ "type": "Feature", "properties": { "element": "way", "id": 695594778, "amenity": null, "religion": "buddhist", "name": "光明寺" }, "geometry": { "type": "Polygon", "coordinates": [ [ [ 139.5536332, 35.3043191 ], [ 139.553708300000011, 35.3042929 ], [ 139.553833, 35.3043213 ], [ 139.5542997, 35.3041298 ], [ 139.554390899999987, 35.3041517 ], [ 139.554633599999988, 35.3042086 ], [ 139.5548777, 35.3041375 ], [ 139.555335, 35.3037982 ], [ 139.5548308, 35.302951 ], [ 139.5543185, 35.3031316 ], [ 139.554195099999987, 35.3028777 ], [ 139.5539497, 35.3029281 ], [ 139.5539631, 35.3029653 ], [ 139.553778, 35.3030091 ], [ 139.5537847, 35.3030857 ], [ 139.55349240000001, 35.303156799999989 ], [ 139.553656, 35.3035267 ], [ 139.5534562, 35.3035793 ], [ 139.5531665, 35.3037522 ], [ 139.553204, 35.3038223 ], [ 139.5531222, 35.3038606 ], [ 139.5532805, 35.3040007 ], [ 139.553365, 35.3041528 ], [ 139.553472199999987, 35.3041254 ], [ 139.5536332, 35.3043191 ] ] ] } },
{ "type": "Feature", "properties": { "element": "way", "id": 695597649, "amenity": "place_of_worship", "religion": "buddhist", "name": "光則寺" }, "geometry": { "type": "Polygon", "coordinates": [ [ [ 139.5326234, 35.3135417 ], [ 139.532771, 35.313162 ], [ 139.532780300000013, 35.3129518 ], [ 139.5325121, 35.312588499999983 ], [ 139.531844299999989, 35.3126717 ], [ 139.5318657, 35.3129715 ], [ 139.531930100000011, 35.3131116 ], [ 139.53170750000001, 35.3132298 ], [ 139.5315707, 35.3134837 ], [ 139.5317048, 35.3137945 ], [ 139.531857699999989, 35.3138295 ], [ 139.5321581, 35.313742 ], [ 139.5322761, 35.3135734 ], [ 139.5326234, 35.3135417 ] ] ] } },
{ "type": "Feature", "properties": { "element": "way", "id": 695597656, "amenity": "place_of_worship", "religion": "buddhist", "name": "長谷寺" }, "geometry": { "type": "Polygon", "coordinates": [ [ [ 139.5341306, 35.3125448 ], [ 139.5341419, 35.3123689 ], [ 139.534157, 35.31236470000001 ], [ 139.5341771, 35.3119915 ], [ 139.5337754, 35.3118974 ], [ 139.5337352, 35.3118679 ], [ 139.5336132, 35.3119571 ], [ 139.533287300000012, 35.3120381 ], [ 139.5331009, 35.3117667 ], [ 139.5329748, 35.3117656 ], [ 139.532602, 35.3115084 ], [ 139.532490700000011, 35.3115522 ], [ 139.532321700000011, 35.3121727 ], [ 139.532726700000012, 35.3124616 ], [ 139.5328581, 35.3126837 ], [ 139.5329882, 35.3128665 ], [ 139.533158500000013, 35.3129726 ], [ 139.5336547, 35.3130914 ], [ 139.5336816, 35.3131707 ], [ 139.5338888, 35.313134 ], [ 139.5338888, 35.3131007 ], [ 139.534125100000011, 35.3130687 ], [ 139.534145599999988, 35.312856600000011 ], [ 139.5340879, 35.312814 ], [ 139.5341, 35.3126169 ], [ 139.533834500000012, 35.3125633 ], [ 139.53384650000001, 35.3124966 ], [ 139.5341306, 35.3125448 ] ] ] } },
{ "type": "Feature", "properties": { "element": "way", "id": 695599052, "amenity": "place_of_worship", "religion": "buddhist", "name": "建長寺" }, "geometry": { "type": "Polygon", "coordinates": [ [ [ 139.558874, 35.335116 ], [ 139.559346799999986, 35.3349142 ], [ 139.559051, 35.3340747 ], [ 139.558296899999988, 35.3332249 ], [ 139.5586883, 35.3329456 ], [ 139.5585743, 35.3319441 ], [ 139.556737199999986, 35.3321971 ], [ 139.5559442, 35.3317364 ], [ 139.5557159, 35.3310197 ], [ 139.556029700000011, 35.3308381 ], [ 139.5562309, 35.3304245 ], [ 139.5565421, 35.33028010000001 ], [ 139.5563133, 35.3299349 ], [ 139.5559466, 35.3297309 ], [ 139.555665, 35.3298687 ], [ 139.5551795, 35.3299234 ], [ 139.554989, 35.3298731 ], [ 139.554720800000013, 35.3299694 ], [ 139.5546082, 35.3302254 ], [ 139.5543936, 35.3302145 ], [ 139.5542193, 35.3300635 ], [ 139.553833, 35.3300898 ], [ 139.553572800000012, 35.3303108 ], [ 139.553398499999986, 35.3304968 ], [ 139.5532349, 35.3304847 ], [ 139.552966700000013, 35.3303655 ], [ 139.5526193, 35.330887399999988 ], [ 139.5527641, 35.3310394 ], [ 139.5531504, 35.3307823 ], [ 139.5534883, 35.3308611 ], [ 139.5536828, 35.330932199999985 ], [ 139.553993100000014, 35.3311384 ], [ 139.554309100000012, 35.3313863 ], [ 139.5543547, 35.331608399999986 ], [ 139.5544271, 35.3316751 ], [ 139.55401, 35.3320624 ], [ 139.554209900000018, 35.3323327 ], [ 139.554600099999988, 35.3323469 ], [ 139.554653800000011, 35.3324224 ], [ 139.5541897, 35.3325307 ], [ 139.554052899999988, 35.332639 ], [ 139.554356, 35.3330154 ], [ 139.5546283, 35.3328895 ], [ 139.5547463, 35.3331335 ], [ 139.5548268, 35.3332572 ], [ 139.554836200000011, 35.3334311 ], [ 139.5548402, 35.3335252 ], [ 139.5552988, 35.3335427 ], [ 139.555321600000013, 35.3329957 ], [ 139.5553136, 35.3328173 ], [ 139.5551044, 35.3326674 ], [ 139.555008, 35.3325891 ], [ 139.554980699999987, 35.3324851 ], [ 139.555187, 35.332334 ], [ 139.5554531, 35.332468600000013 ], [ 139.55551650000001, 35.3324171 ], [ 139.5558532, 35.3322722 ], [ 139.556006, 35.3322842 ], [ 139.556225399999988, 35.3323929 ], [ 139.556576400000012, 35.3326742 ], [ 139.5564468, 35.3329432 ], [ 139.5572233, 35.3339147 ], [ 139.5577137, 35.3343242 ], [ 139.558874, 35.335116 ] ] ] } },
{ "type": "Feature", "properties": { "element": "way", "id": 695600376, "amenity": "place_of_worship", "religion": "buddhist", "name": "明月院" }, "geometry": { "type": "Polygon", "coordinates": [ [ [ 139.550967899999989, 35.3358675 ], [ 139.5509018, 35.3359041 ], [ 139.55079, 35.3357153 ], [ 139.5506854, 35.3356345 ], [ 139.5505906, 35.335536 ], [ 139.5505822, 35.3355273 ], [ 139.550845600000031, 35.3354393 ], [ 139.5509198, 35.3352057 ], [ 139.550814300000042, 35.3348138 ], [ 139.5509027, 35.3346018 ], [ 139.5513866, 35.3344368 ], [ 139.5518616, 35.3340044 ], [ 139.552278699999988, 35.333895 ], [ 139.5524476, 35.3340219 ], [ 139.552457, 35.3344765 ], [ 139.5527923, 35.3347145 ], [ 139.552677, 35.3348797 ], [ 139.552215900000022, 35.3349465 ], [ 139.55196620000001, 35.3352648 ], [ 139.551613, 35.3353446 ], [ 139.551422300000013, 35.3356904 ], [ 139.551042, 35.335940599999986 ], [ 139.550967899999989, 35.3358675 ] ] ] } },
{ "type": "Feature", "properties": { "element": "way", "id": 704214347, "amenity": null, "religion": "shinto", "name": "七福神社" }, "geometry": { "type": "Polygon", "coordinates": [ [ [ 139.5424346, 35.325721099999988 ], [ 139.5424755, 35.3257205 ], [ 139.542475, 35.3256929 ], [ 139.5424342, 35.3256927 ], [ 139.5424346, 35.325721099999988 ] ] ] } },
{ "type": "Feature", "properties": { "element": "way", "id": 704214362, "amenity": "place_of_worship", "religion": "shinto", "name": "銭洗弁天 宇賀福神社" }, "geometry": { "type": "Polygon", "coordinates": [ [ [ 139.541850899999986, 35.3254141 ], [ 139.542234900000011, 35.3254013 ], [ 139.5424779, 35.3254474 ], [ 139.5424949, 35.3255767 ], [ 139.5425267, 35.3258017 ], [ 139.5424674, 35.3259213 ], [ 139.54239, 35.325983 ], [ 139.5423202, 35.3260129 ], [ 139.5422259, 35.3260208 ], [ 139.542117100000013, 35.325968199999984 ], [ 139.5420246, 35.3259079 ], [ 139.541984, 35.3258177 ], [ 139.5420283, 35.3257083 ], [ 139.5418302, 35.3254975 ], [ 139.541850899999986, 35.3254141 ] ] ] } },
{ "type": "Feature", "properties": { "element": "way", "id": 704214363, "amenity": null, "religion": "shinto", "name": "銭洗弁財天" }, "geometry": { "type": "Polygon", "coordinates": [ [ [ 139.542084, 35.3258384 ], [ 139.54212720000001, 35.3258384 ], [ 139.54212720000001, 35.3257979 ], [ 139.542103200000014, 35.325797799999982 ], [ 139.5420808, 35.3257977 ], [ 139.542084, 35.3258384 ] ] ] } },
{ "type": "Feature", "properties": { "element": "way", "id": 704214365, "amenity": null, "religion": "shinto", "name": "上之水神宮" }, "geometry": { "type": "Polygon", "coordinates": [ [ [ 139.5422536, 35.3259572 ], [ 139.54227370000001, 35.3259809 ], [ 139.5423017, 35.3259652 ], [ 139.5422816, 35.3259414 ], [ 139.5422671, 35.3259496 ], [ 139.5422536, 35.3259572 ] ] ] } },
{ "type": "Feature", "properties": { "element": "way", "id": 704216825, "amenity": "place_of_worship", "religion": "buddhist", "name": "長寿寺" }, "geometry": { "type": "Polygon", "coordinates": [ [ [ 139.550908099999987, 35.3316653 ], [ 139.5505527, 35.3310985 ], [ 139.550319300000012, 35.33118060000001 ], [ 139.5500739, 35.3311806 ], [ 139.5497145, 35.3313917 ], [ 139.5500725, 35.3316926 ], [ 139.5505473, 35.3319486 ], [ 139.5507833, 35.3317648 ], [ 139.5508953, 35.3316921 ], [ 139.550908099999987, 35.3316653 ] ] ] } },
{ "type": "Feature", "properties": { "element": "way", "id": 704218620, "amenity": "place_of_worship", "religion": "shinto", "name": "葛原岡神社" }, "geometry": { "type": "Polygon", "coordinates": [ [ [ 139.5423692, 35.329155299999989 ], [ 139.543325399999986, 35.3289267 ], [ 139.543363, 35.3285546 ], [ 139.5425061, 35.3285295 ], [ 139.5425731, 35.3287659 ], [ 139.5422499, 35.3288523 ], [ 139.5423692, 35.329155299999989 ] ] ] } },
{ "type": "Feature", "properties": { "element": "way", "id": 704218621, "amenity": null, "religion": "shinto", "name": "本殿" }, "geometry": { "type": "Polygon", "coordinates": [ [ [ 139.542396599999989, 35.3290353 ], [ 139.5424544, 35.3290207 ], [ 139.542449800000014, 35.3290084 ], [ 139.542476, 35.3290018 ], [ 139.5424703, 35.3289867 ], [ 139.542464599999988, 35.328971699999983 ], [ 139.5424414, 35.3289775 ], [ 139.5424366, 35.3289648 ], [ 139.5423758, 35.3289801 ], [ 139.542396599999989, 35.3290353 ] ] ] } },
{ "type": "Feature", "properties": { "element": "way", "id": 704512067, "amenity": "place_of_worship", "religion": "shinto", "name": "青梅聖天社" }, "geometry": { "type": "Polygon", "coordinates": [ [ [ 139.5544318, 35.327981899999983 ], [ 139.5544405, 35.3279348 ], [ 139.5544224, 35.3279004 ], [ 139.5545147, 35.327692 ], [ 139.554447900000014, 35.3276723 ], [ 139.5543554, 35.3278758 ], [ 139.5542997, 35.3278561 ], [ 139.5542729, 35.3279239 ], [ 139.554326800000013, 35.3279452 ], [ 139.5544318, 35.327981899999983 ] ] ] } },
{ "type": "Feature", "properties": { "element": "way", "id": 704512070, "amenity": "place_of_worship", "religion": "christian", "name": "鎌倉聖ミカエル教会" }, "geometry": { "type": "Polygon", "coordinates": [ [ [ 139.552303500000022, 35.3223927 ], [ 139.552657399999987, 35.3222722 ], [ 139.552561700000012, 35.3220851 ], [ 139.5522078, 35.3222056 ], [ 139.552303500000022, 35.3223927 ] ] ] } },
{ "type": "Feature", "properties": { "element": "way", "id": 704513944, "amenity": "place_of_worship", "religion": "shinto", "name": "巽神社" }, "geometry": { "type": "Polygon", "coordinates": [ [ [ 139.5503146, 35.3221657 ], [ 139.5504972, 35.32212280000001 ], [ 139.5504302, 35.321933 ], [ 139.5502476, 35.3219759 ], [ 139.5503146, 35.3221657 ] ] ] } },
{ "type": "Feature", "properties": { "element": "way", "id": 704515208, "amenity": "place_of_worship", "religion": "christian", "name": "日本基督教団鎌倉教会" }, "geometry": { "type": "Polygon", "coordinates": [ [ [ 139.5496058, 35.3152319 ], [ 139.549562900000012, 35.31514 ], [ 139.549323500000014, 35.3152423 ], [ 139.549241099999989, 35.3151186 ], [ 139.5491472, 35.315146 ], [ 139.5491552, 35.3152029 ], [ 139.5483439, 35.315309 ], [ 139.549005, 35.3157818 ], [ 139.5490801, 35.315773 ], [ 139.5490681, 35.3155 ], [ 139.5493463, 35.3154869 ], [ 139.549283300000013, 35.3153468 ], [ 139.5496058, 35.3152319 ] ] ] } },
{ "type": "Feature", "properties": { "element": "way", "id": 704534773, "amenity": "place_of_worship", "religion": "shinto", "name": "甘縄神明神社" }, "geometry": { "type": "Polygon", "coordinates": [ [ [ 139.5373964, 35.3147389 ], [ 139.5373803, 35.3142651 ], [ 139.5373683, 35.314178599999984 ], [ 139.5371, 35.3141709 ], [ 139.5371068, 35.313882 ], [ 139.537015599999989, 35.31388530000001 ], [ 139.5369968, 35.3140451 ], [ 139.5368379, 35.3140571 ], [ 139.5368861, 35.3143192 ], [ 139.536982, 35.3147498 ], [ 139.5373964, 35.3147389 ] ] ] } },
{ "type": "Feature", "properties": { "element": "way", "id": 704807540, "amenity": "place_of_worship", "religion": "shinto", "name": "八坂大神社" }, "geometry": { "type": "Polygon", "coordinates": [ [ [ 139.5504554, 35.3239105 ], [ 139.55048020000001, 35.3237431 ], [ 139.5499834, 35.3237436 ], [ 139.54998470000001, 35.323917 ], [ 139.5504554, 35.3239105 ] ] ] } },
{ "type": "Feature", "properties": { "element": "way", "id": 705108673, "amenity": "place_of_worship", "religion": "buddhist", "name": "収玄寺" }, "geometry": { "type": "Polygon", "coordinates": [ [ [ 139.5355065, 35.3118624 ], [ 139.535308, 35.3118249 ], [ 139.5352839, 35.3119032 ], [ 139.535084399999988, 35.3119199 ], [ 139.5350817, 35.3120205 ], [ 139.5354398, 35.3120654 ], [ 139.5355065, 35.3118624 ] ] ] } },
{ "type": "Feature", "properties": { "element": "way", "id": 705120947, "amenity": "place_of_worship", "religion": "buddhist", "name": "向福寺" }, "geometry": { "type": "Polygon", "coordinates": [ [ [ 139.5523363, 35.3095587 ], [ 139.552567, 35.3095078 ], [ 139.5525087, 35.3092195 ], [ 139.5522042, 35.3092589 ], [ 139.5522887, 35.3094668 ], [ 139.5523363, 35.3095587 ] ] ] } },
{ "type": "Feature", "properties": { "element": "way", "id": 705120954, "amenity": "place_of_worship", "religion": "buddhist", "name": "来迎寺" }, "geometry": { "type": "Polygon", "coordinates": [ [ [ 139.5552787, 35.3094192 ], [ 139.5550561, 35.3090745 ], [ 139.554631, 35.3092452 ], [ 139.5547704, 35.309458599999985 ], [ 139.554836200000011, 35.309438899999989 ], [ 139.5549475, 35.3095834 ], [ 139.5552787, 35.3094192 ] ] ] } },
{ "type": "Feature", "properties": { "element": "way", "id": 705120960, "amenity": "place_of_worship", "religion": "buddhist", "name": "成就院" }, "geometry": { "type": "Polygon", "coordinates": [ [ [ 139.5311107, 35.309307600000011 ], [ 139.5309296, 35.3090088 ], [ 139.531404400000014, 35.3088534 ], [ 139.5315211, 35.3090646 ], [ 139.5316914, 35.3091368 ], [ 139.5318992, 35.3091248 ], [ 139.5322868, 35.3091401 ], [ 139.532235899999989, 35.309020799999985 ], [ 139.5321085, 35.3088326 ], [ 139.5322667, 35.30871 ], [ 139.532477300000011, 35.3089005 ], [ 139.5325068, 35.309092 ], [ 139.5326851, 35.3091719 ], [ 139.5326422, 35.3092901 ], [ 139.532665, 35.30937 ], [ 139.532579199999986, 35.309432299999983 ], [ 139.5323847, 35.3092693 ], [ 139.532205, 35.3091806 ], [ 139.532005199999986, 35.3091894 ], [ 139.531647099999986, 35.3092386 ], [ 139.531416400000012, 35.3092747 ], [ 139.5311388, 35.309347 ], [ 139.5311107, 35.309307600000011 ] ] ] } },
{ "type": "Feature", "properties": { "element": "way", "id": 705139230, "amenity": "place_of_worship", "religion": "buddhist", "name": "教恩寺" }, "geometry": { "type": "Polygon", "coordinates": [ [ [ 139.552298799999988, 35.3157161 ], [ 139.5523417, 35.3159142 ], [ 139.552392700000013, 35.3161309 ], [ 139.552587100000011, 35.3161221 ], [ 139.5526582, 35.3160444 ], [ 139.55263, 35.3155585 ], [ 139.552544899999987, 35.3155613 ], [ 139.5525107, 35.3154803 ], [ 139.5523565, 35.315541 ], [ 139.552298799999988, 35.3157161 ] ] ] } },
{ "type": "Feature", "properties": { "element": "way", "id": 705139238, "amenity": "place_of_worship", "religion": "buddhist", "name": "延命寺" }, "geometry": { "type": "Polygon", "coordinates": [ [ [ 139.55106090000001, 35.3152478 ], [ 139.5509778, 35.315133900000014 ], [ 139.5507786, 35.3152182 ], [ 139.5507035, 35.3150929 ], [ 139.550515100000013, 35.3151684 ], [ 139.550437300000027, 35.3150579 ], [ 139.550381, 35.3151082 ], [ 139.550359500000013, 35.3152412 ], [ 139.5503683, 35.3153309 ], [ 139.5504172, 35.3154092 ], [ 139.550576799999988, 35.3153676 ], [ 139.5506546, 35.3155564 ], [ 139.5509557, 35.31547590000001 ], [ 139.55106090000001, 35.3152478 ] ] ] } },
{ "type": "Feature", "properties": { "element": "way", "id": 705149485, "amenity": "place_of_worship", "religion": "buddhist", "name": "安国論寺" }, "geometry": { "type": "Polygon", "coordinates": [ [ [ 139.5580481, 35.3118586 ], [ 139.5584122, 35.3118214 ], [ 139.5586945, 35.3117721 ], [ 139.5590378, 35.3116709 ], [ 139.5590325, 35.3116167 ], [ 139.5591813, 35.3116047 ], [ 139.5591585, 35.3114755 ], [ 139.5589976, 35.3114351 ], [ 139.5589735, 35.3113585 ], [ 139.5590901, 35.3112523 ], [ 139.559068700000012, 35.31111 ], [ 139.5591961, 35.3109754 ], [ 139.5591599, 35.3108441 ], [ 139.558994899999988, 35.310825499999986 ], [ 139.5583887, 35.3112337 ], [ 139.558292200000011, 35.3113431 ], [ 139.5583244, 35.3115401 ], [ 139.557977, 35.3117754 ], [ 139.5580481, 35.3118586 ] ] ] } },
{ "type": "Feature", "properties": { "element": "way", "id": 705149497, "amenity": "place_of_worship", "religion": "buddhist", "name": "妙法寺" }, "geometry": { "type": "Polygon", "coordinates": [ [ [ 139.5585644, 35.3126356 ], [ 139.5585644, 35.3126914 ], [ 139.558811200000036, 35.3128621 ], [ 139.5588018, 35.313162 ], [ 139.559102200000012, 35.313151 ], [ 139.56002620000001, 35.3128555 ], [ 139.5600691, 35.312507499999988 ], [ 139.5586677, 35.3124397 ], [ 139.5586543, 35.3126389 ], [ 139.5585644, 35.3126356 ] ] ] } },
{ "type": "Feature", "properties": { "element": "way", "id": 705149508, "amenity": "place_of_worship", "religion": "buddhist", "name": "大寶寺" }, "geometry": { "type": "Polygon", "coordinates": [ [ [ 139.5577128, 35.3151033 ], [ 139.5574661, 35.314833 ], [ 139.557164300000011, 35.315107699999984 ], [ 139.5574044, 35.31532 ], [ 139.5573427, 35.3155771 ], [ 139.5572971, 35.3156537 ], [ 139.5571536, 35.31561 ], [ 139.557053, 35.3154743 ], [ 139.55699, 35.315384499999986 ], [ 139.556881299999986, 35.3155476 ], [ 139.5568706, 35.3156778 ], [ 139.5571214, 35.315808 ], [ 139.557368200000013, 35.3158026 ], [ 139.5574969, 35.3156144 ], [ 139.5576927, 35.3151635 ], [ 139.5577128, 35.3151033 ] ] ] } },
{ "type": "Feature", "properties": { "element": "way", "id": 705286521, "amenity": "place_of_worship", "religion": "buddhist", "name": "円応寺" }, "geometry": { "type": "Polygon", "coordinates": [ [ [ 139.55329660000001, 35.3296401 ], [ 139.552789600000011, 35.3294376 ], [ 139.552593800000011, 35.329791 ], [ 139.5530833, 35.3299617 ], [ 139.5532174, 35.3298042 ], [ 139.55329660000001, 35.3296401 ] ] ] } },
{ "type": "Feature", "properties": { "element": "way", "id": 705286533, "amenity": "place_of_worship", "religion": "buddhist", "name": "禅居院" }, "geometry": { "type": "Polygon", "coordinates": [ [ [ 139.5528017, 35.330465 ], [ 139.5526434, 35.3307123 ], [ 139.55252680000001, 35.3308644 ], [ 139.5522451, 35.3306795 ], [ 139.552089599999988, 35.330627 ], [ 139.5518897, 35.3306871 ], [ 139.5518736, 35.3306682 ], [ 139.5515773, 35.3303206 ], [ 139.5518549, 35.3299738 ], [ 139.552107, 35.329977 ], [ 139.5521995, 35.330058 ], [ 139.5522693, 35.33029 ], [ 139.5523806, 35.330380799999986 ], [ 139.55254690000001, 35.3304191 ], [ 139.552650199999988, 35.3303884 ], [ 139.5528017, 35.330465 ] ] ] } },
{ "type": "Feature", "properties": { "element": "way", "id": 705286542, "amenity": "place_of_worship", "religion": "buddhist", "name": "薬王寺" }, "geometry": { "type": "Polygon", "coordinates": [ [ [ 139.5497681, 35.3282232 ], [ 139.549651399999988, 35.3287024 ], [ 139.5490761, 35.328634599999987 ], [ 139.5490547, 35.3285131 ], [ 139.548881599999987, 35.3284124 ], [ 139.5488173, 35.3282428 ], [ 139.5488776, 35.328175 ], [ 139.5489447, 35.3281838 ], [ 139.5490547, 35.3281159 ], [ 139.5491606, 35.3280284 ], [ 139.5494047, 35.3281006 ], [ 139.549353700000012, 35.3282757 ], [ 139.5496099, 35.3283271 ], [ 139.5496823, 35.328198 ], [ 139.5497681, 35.3282232 ] ] ] } },
{ "type": "Feature", "properties": { "element": "way", "id": 705286549, "amenity": "place_of_worship", "religion": "buddhist", "name": "妙傳寺" }, "geometry": { "type": "Polygon", "coordinates": [ [ [ 139.5523283, 35.32764 ], [ 139.5525992, 35.3271181 ], [ 139.5523685, 35.3270513 ], [ 139.5521848, 35.3270601 ], [ 139.5520601, 35.32715850000001 ], [ 139.5519327, 35.3274945 ], [ 139.5523283, 35.32764 ] ] ] } },
{ "type": "Feature", "properties": { "element": "way", "id": 705286557, "amenity": "place_of_worship", "religion": "buddhist", "name": "護国寺" }, "geometry": { "type": "Polygon", "coordinates": [ [ [ 139.5505795, 35.3251026 ], [ 139.5509912, 35.3251267 ], [ 139.55104080000001, 35.325084 ], [ 139.5514016, 35.3250741 ], [ 139.5514794, 35.3249527 ], [ 139.5514995, 35.324720699999986 ], [ 139.55124330000001, 35.3246923 ], [ 139.5512125, 35.3248433 ], [ 139.550637200000011, 35.3248061 ], [ 139.550583499999988, 35.324895800000014 ], [ 139.5505674, 35.3250873 ], [ 139.5505795, 35.3251026 ] ] ] } },
{ "type": "Feature", "properties": { "element": "way", "id": 705566181, "amenity": null, "religion": "buddhist", "name": "本堂" }, "geometry": { "type": "Polygon", "coordinates": [ [ [ 139.5691789, 35.3198952 ], [ 139.5692158, 35.3198937 ], [ 139.569223, 35.3198934 ], [ 139.5692201, 35.3198457 ], [ 139.5692473, 35.3198446 ], [ 139.5692453, 35.3198132 ], [ 139.56924410000002, 35.3197927 ], [ 139.5692127, 35.3197941 ], [ 139.569210199999986, 35.3197537 ], [ 139.56917150000001, 35.3197553 ], [ 139.5691053, 35.3197581 ], [ 139.569071799999989, 35.3197595 ], [ 139.569074300000011, 35.3198003 ], [ 139.5690347, 35.319801899999987 ], [ 139.569038299999988, 35.3198592 ], [ 139.5690765, 35.3198576 ], [ 139.56907910000001, 35.319899399999983 ], [ 139.5691789, 35.3198952 ] ] ] } },
{ "type": "Feature", "properties": { "element": "way", "id": 705766682, "amenity": "grave_yard", "religion": "buddhist", "name": null }, "geometry": { "type": "Polygon", "coordinates": [ [ [ 139.5679515, 35.318842 ], [ 139.5679629, 35.3188742 ], [ 139.567955500000011, 35.3189038 ], [ 139.567962200000011, 35.3189344 ], [ 139.5680299, 35.3190017 ], [ 139.568067500000012, 35.3190466 ], [ 139.568034, 35.3190723 ], [ 139.568142599999987, 35.3191987 ], [ 139.5681768, 35.31924140000001 ], [ 139.5681868, 35.3192879 ], [ 139.5682244, 35.3193311 ], [ 139.5682512, 35.3193574 ], [ 139.568286100000023, 35.3194214 ], [ 139.5683357, 35.3194985 ], [ 139.568373900000012, 35.3195505 ], [ 139.5684215, 35.3195746 ], [ 139.5684551, 35.3195532 ], [ 139.5685067, 35.3195155 ], [ 139.5685349, 35.3195423 ], [ 139.568641500000012, 35.3195089 ], [ 139.5686053, 35.3194279 ], [ 139.5685671, 35.31937 ], [ 139.568551, 35.3193705 ], [ 139.5684933, 35.3192879 ], [ 139.5684215, 35.3192282 ], [ 139.5683867, 35.3192047 ], [ 139.5683015, 35.3191221 ], [ 139.568262, 35.3190926 ], [ 139.5681902, 35.3189995 ], [ 139.5681708, 35.3190067 ], [ 139.5681399, 35.3189793 ], [ 139.5681547, 35.3189612 ], [ 139.568074200000012, 35.3188556 ], [ 139.5680534, 35.3188595 ], [ 139.5680259, 35.3188409 ], [ 139.5679924, 35.3188256 ], [ 139.5679515, 35.318842 ] ] ] } },
{ "type": "Feature", "properties": { "element": "way", "id": 706110565, "amenity": "place_of_worship", "religion": "buddhist", "name": "極楽寺" }, "geometry": { "type": "Polygon", "coordinates": [ [ [ 139.5293753, 35.3098219 ], [ 139.5292915, 35.3097557 ], [ 139.5287208, 35.3100622 ], [ 139.528456, 35.3097913 ], [ 139.5282273, 35.3099494 ], [ 139.528464, 35.3101951 ], [ 139.5283064, 35.3102805 ], [ 139.5284888, 35.3104758 ], [ 139.5288999, 35.3102077 ], [ 139.528827400000011, 35.310124 ], [ 139.5293753, 35.3098219 ] ] ] } },
{ "type": "Feature", "properties": { "element": "way", "id": 707456386, "amenity": null, "religion": "buddhist", "name": "地蔵堂" }, "geometry": { "type": "Polygon", "coordinates": [ [ [ 139.55889590000001, 35.3342497 ], [ 139.558877599999988, 35.3342227 ], [ 139.558861900000011, 35.3341994 ], [ 139.558922599999988, 35.3341721 ], [ 139.558956600000016, 35.3342224 ], [ 139.55889590000001, 35.3342497 ] ] ] } },
{ "type": "Feature", "properties": { "element": "way", "id": 729414230, "amenity": "place_of_worship", "religion": "shinto", "name": "熊野神社" }, "geometry": { "type": "Polygon", "coordinates": [ [ [ 139.570191599999987, 35.3237889 ], [ 139.5702752, 35.3235556 ], [ 139.570001499999989, 35.3234902 ], [ 139.569917800000013, 35.3237235 ], [ 139.570191599999987, 35.3237889 ] ] ] } },
{ "type": "Feature", "properties": { "element": "way", "id": 729414235, "amenity": "place_of_worship", "religion": "buddhist", "name": "報国寺" }, "geometry": { "type": "Polygon", "coordinates": [ [ [ 139.56957220000001, 35.3203187 ], [ 139.5696728, 35.3200867 ], [ 139.5697452, 35.319786899999983 ], [ 139.569745899999987, 35.3197228 ], [ 139.569701, 35.319615099999986 ], [ 139.569668799999988, 35.319434499999986 ], [ 139.5692678, 35.3194017 ], [ 139.568779600000028, 35.3193798 ], [ 139.56862, 35.3193087 ], [ 139.5680889, 35.3187211 ], [ 139.567885100000041, 35.3187254 ], [ 139.5676249, 35.3189377 ], [ 139.5678368, 35.3191828 ], [ 139.568679, 35.3202114 ], [ 139.56957220000001, 35.3203187 ] ] ] } },
{ "type": "Feature", "properties": { "element": "way", "id": 729417160, "amenity": "place_of_worship", "religion": "shinto", "name": "白旗神社" }, "geometry": { "type": "Polygon", "coordinates": [ [ [ 139.5611635, 35.3259768 ], [ 139.561163600000015, 35.3258621 ], [ 139.560885899999988, 35.325862 ], [ 139.5608858, 35.3259767 ], [ 139.5611635, 35.3259768 ] ] ] } },
{ "type": "Feature", "properties": { "element": "way", "id": 751003558, "amenity": null, "religion": "buddhist", "name": "手水舎" }, "geometry": { "type": "Polygon", "coordinates": [ [ [ 139.5353772, 35.3162329 ], [ 139.535409, 35.31623 ], [ 139.5354051, 35.3162018 ], [ 139.5353733, 35.3162047 ], [ 139.5353772, 35.3162329 ] ] ] } },
{ "type": "Feature", "properties": { "element": "way", "id": 766578029, "amenity": "place_of_worship", "religion": "buddhist", "name": "来迎寺" }, "geometry": { "type": "Polygon", "coordinates": [ [ [ 139.560859099999988, 35.3284201 ], [ 139.5607042, 35.32821 ], [ 139.56059620000002, 35.3281832 ], [ 139.5605942, 35.3281526 ], [ 139.5607853, 35.3281187 ], [ 139.5608772, 35.3280869 ], [ 139.5607699, 35.3279841 ], [ 139.560685400000011, 35.3277691 ], [ 139.5606639, 35.3276137 ], [ 139.560855, 35.3273828 ], [ 139.5610441, 35.3273588 ], [ 139.5612748, 35.3275864 ], [ 139.561458499999986, 35.3279091 ], [ 139.561410200000012, 35.328186 ], [ 139.560859099999988, 35.3284201 ] ] ] } },
{ "type": "Feature", "properties": { "element": "way", "id": 766578033, "amenity": "place_of_worship", "religion": "shinto", "name": "八雲神社" }, "geometry": { "type": "Polygon", "coordinates": [ [ [ 139.5606364, 35.3284568 ], [ 139.560554, 35.3282708 ], [ 139.560592200000031, 35.3282062 ], [ 139.5606592, 35.328227 ], [ 139.560735, 35.3283178 ], [ 139.5607866, 35.3283993 ], [ 139.5606364, 35.3284568 ] ] ] } },
{ "type": "Feature", "properties": { "element": "way", "id": 767729662, "amenity": "place_of_worship", "religion": "shinto", "name": "諏訪神社" }, "geometry": { "type": "Polygon", "coordinates": [ [ [ 139.546509500000013, 35.3200051 ], [ 139.5464368, 35.3197792 ], [ 139.546371099999988, 35.319793300000015 ], [ 139.5464437, 35.3200192 ], [ 139.546509500000013, 35.3200051 ] ] ] } },
{ "type": "Feature", "properties": { "element": "way", "id": 767740059, "amenity": null, "religion": "buddhist", "name": "書院" }, "geometry": { "type": "Polygon", "coordinates": [ [ [ 139.53365740000001, 35.3130213 ], [ 139.5336622, 35.313057 ], [ 139.5336714, 35.313056199999984 ], [ 139.5336809, 35.3131269 ], [ 139.533726699999988, 35.3131229 ], [ 139.5337305, 35.313151599999983 ], [ 139.5338869, 35.3131377 ], [ 139.533871299999987, 35.3130213 ], [ 139.5338107, 35.3130267 ], [ 139.533809600000012, 35.3130188 ], [ 139.5337695, 35.3130215 ], [ 139.533733899999987, 35.3130255 ], [ 139.533732500000013, 35.3130147 ], [ 139.53365740000001, 35.3130213 ] ] ] } },
{ "type": "Feature", "properties": { "element": "way", "id": 767740060, "amenity": null, "religion": "buddhist", "name": "内仏殿" }, "geometry": { "type": "Polygon", "coordinates": [ [ [ 139.5340866, 35.3130536 ], [ 139.5340922, 35.3128592 ], [ 139.533969899999988, 35.3128569 ], [ 139.533893, 35.3128554 ], [ 139.5338874, 35.3130498 ], [ 139.5338864, 35.313087199999984 ], [ 139.533963199999988, 35.3130886 ], [ 139.5339643, 35.3130513 ], [ 139.5340866, 35.3130536 ] ] ] } },
{ "type": "Feature", "properties": { "element": "way", "id": 767740065, "amenity": null, "religion": "buddhist", "name": "大黒堂" }, "geometry": { "type": "Polygon", "coordinates": [ [ [ 139.5337443, 35.312881799999985 ], [ 139.533860299999986, 35.3128858 ], [ 139.5338626, 35.3128859 ], [ 139.5338678, 35.3127852 ], [ 139.5338447, 35.3127844 ], [ 139.5337495, 35.3127811 ], [ 139.5337485, 35.3128003 ], [ 139.5337467, 35.3128356 ], [ 139.5337443, 35.312881799999985 ] ] ] } },
{ "type": "Feature", "properties": { "element": "way", "id": 767740069, "amenity": null, "religion": "buddhist", "name": "阿弥陀堂" }, "geometry": { "type": "Polygon", "coordinates": [ [ [ 139.5329463, 35.3126515 ], [ 139.5329463, 35.3126657 ], [ 139.533083299999987, 35.3126658 ], [ 139.533083800000014, 35.3126042 ], [ 139.53308340000001, 35.312552 ], [ 139.5329465, 35.312551899999988 ], [ 139.532946399999986, 35.312571 ], [ 139.532913200000024, 35.312571 ], [ 139.5329131, 35.3126514 ], [ 139.5329463, 35.3126515 ] ] ] } },
{ "type": "Feature", "properties": { "element": "way", "id": 767740070, "amenity": null, "religion": "buddhist", "name": "観音堂" }, "geometry": { "type": "Polygon", "coordinates": [ [ [ 139.5331693, 35.3125458 ], [ 139.5331694, 35.312505 ], [ 139.5331694, 35.3124647 ], [ 139.533169500000014, 35.312422 ], [ 139.533169500000014, 35.3123825 ], [ 139.533130699999987, 35.3123825 ], [ 139.532834799999989, 35.3123822 ], [ 139.5328346, 35.3125455 ], [ 139.5331693, 35.3125458 ] ] ] } },
{ "type": "Feature", "properties": { "element": "way", "id": 778555506, "amenity": null, "religion": "shinto", "name": "手水舎" }, "geometry": { "type": "Polygon", "coordinates": [ [ [ 139.5556372, 35.3251275 ], [ 139.555692, 35.3251038 ], [ 139.555711, 35.325131399999989 ], [ 139.5557308, 35.3251583 ], [ 139.5556761, 35.3251836 ], [ 139.5556372, 35.3251275 ] ] ] } },
{ "type": "Feature", "properties": { "element": "way", "id": 778704622, "amenity": "place_of_worship", "religion": "shinto", "name": "由比若宮遙拝所" }, "geometry": { "type": "Polygon", "coordinates": [ [ [ 139.556734299999988, 35.3251711 ], [ 139.556716599999987, 35.3251429 ], [ 139.5567639, 35.3251231 ], [ 139.5567816, 35.3251514 ], [ 139.556734299999988, 35.3251711 ] ] ] } },
{ "type": "Feature", "properties": { "element": "way", "id": 844327768, "amenity": null, "religion": "buddhist", "name": "同契院" }, "geometry": { "type": "Polygon", "coordinates": [ [ [ 139.5547028, 35.3308493 ], [ 139.554815900000023, 35.3309333 ], [ 139.5548631, 35.330896 ], [ 139.5548459, 35.3308563 ], [ 139.554764299999988, 35.3307944 ], [ 139.5547028, 35.3308493 ] ] ] } },
{ "type": "Feature", "properties": { "element": "way", "id": 844328963, "amenity": null, "religion": "buddhist", "name": "開山堂" }, "geometry": { "type": "Polygon", "coordinates": [ [ [ 139.5553739, 35.330732500000011 ], [ 139.5555732, 35.3308132 ], [ 139.5556051, 35.3308119 ], [ 139.555629, 35.3307741 ], [ 139.555608299999989, 35.3307676 ], [ 139.5556211, 35.3307442 ], [ 139.5554488, 35.3306727 ], [ 139.5554361, 35.3306844 ], [ 139.555407300000013, 35.3306727 ], [ 139.5553739, 35.330732500000011 ] ] ] } },
{ "type": "Feature", "properties": { "element": "way", "id": 846620383, "amenity": null, "religion": "buddhist", "name": null }, "geometry": { "type": "Polygon", "coordinates": [ [ [ 139.5524634, 35.3347971 ], [ 139.5526942, 35.3348422 ], [ 139.552759, 35.334734 ], [ 139.5525063, 35.3346601 ], [ 139.5524634, 35.3347971 ] ] ] } },
{ "type": "Feature", "properties": { "element": "way", "id": 847193648, "amenity": "place_of_worship", "religion": "buddhist", "name": "浄智寺" }, "geometry": { "type": "Polygon", "coordinates": [ [ [ 139.546899400000029, 35.3328536 ], [ 139.5459224, 35.3331071 ], [ 139.5452458, 35.332924 ], [ 139.5450863, 35.3332011 ], [ 139.5455708, 35.333594 ], [ 139.546147, 35.333678399999989 ], [ 139.5465872, 35.334039899999986 ], [ 139.5470865, 35.3338736 ], [ 139.5473938, 35.3341098 ], [ 139.5475711, 35.3339797 ], [ 139.5470221, 35.3332024 ], [ 139.546899400000029, 35.3328536 ] ] ] } },
{ "type": "Feature", "properties": { "element": "way", "id": 847195398, "amenity": "place_of_worship", "religion": "buddhist", "name": "松岡山東慶寺" }, "geometry": { "type": "Polygon", "coordinates": [ [ [ 139.545988599999987, 35.3352987 ], [ 139.5463674, 35.3355685 ], [ 139.5464542, 35.3355009 ], [ 139.5461115, 35.3351652 ], [ 139.5460301, 35.3347201 ], [ 139.5453966, 35.3340153 ], [ 139.5453178, 35.3335356 ], [ 139.545008599999989, 35.3333427 ], [ 139.5447782, 35.333496 ], [ 139.544754, 35.3342725 ], [ 139.545402599999989, 35.3354298 ], [ 139.5456451, 35.3354842 ], [ 139.545827, 35.3353952 ], [ 139.545988599999987, 35.3352987 ] ] ] } },
{ "type": "Feature", "properties": { "element": "way", "id": 848235693, "amenity": null, "religion": "buddhist", "name": "本堂" }, "geometry": { "type": "Polygon", "coordinates": [ [ [ 139.5467224, 35.3331975 ], [ 139.546767100000011, 35.333183 ], [ 139.5467466, 35.3331395 ], [ 139.5467241, 35.3330916 ], [ 139.5466103, 35.3331267 ], [ 139.546654100000012, 35.3332181 ], [ 139.546690399999989, 35.333207099999989 ], [ 139.5467224, 35.3331975 ] ] ] } },
{ "type": "Feature", "properties": { "element": "way", "id": 852387116, "amenity": null, "religion": "shinto", "name": "丸山稲荷神社" }, "geometry": { "type": "Polygon", "coordinates": [ [ [ 139.555851900000022, 35.3261801 ], [ 139.555844799999988, 35.3261678 ], [ 139.5558364, 35.3261557 ], [ 139.5558025, 35.3261698 ], [ 139.5558192, 35.326194699999988 ], [ 139.555851900000022, 35.3261801 ] ] ] } },
{ "type": "Feature", "properties": { "element": "way", "id": 860943597, "amenity": null, "religion": "shinto", "name": "手水舎" }, "geometry": { "type": "Polygon", "coordinates": [ [ [ 139.5419808, 35.3255284 ], [ 139.5419678, 35.3255339 ], [ 139.541978199999988, 35.3255501 ], [ 139.541991700000011, 35.3255462 ], [ 139.5419856, 35.3255348 ], [ 139.5419808, 35.3255284 ] ] ] } },
{ "type": "Feature", "properties": { "element": "way", "id": 864032540, "amenity": null, "religion": "shinto", "name": "手水舎" }, "geometry": { "type": "Polygon", "coordinates": [ [ [ 139.5392991, 35.3243722 ], [ 139.5392991, 35.3243923 ], [ 139.5393363, 35.3243924 ], [ 139.5393364, 35.3243723 ], [ 139.5393216, 35.3243723 ], [ 139.5392991, 35.3243722 ] ] ] } },
{ "type": "Feature", "properties": { "element": "way", "id": 864041507, "amenity": null, "religion": "shinto", "name": "社務所" }, "geometry": { "type": "Polygon", "coordinates": [ [ [ 139.542999900000012, 35.3286351 ], [ 139.5429292, 35.3286341 ], [ 139.5429294, 35.3286982 ], [ 139.543000299999989, 35.3286978 ], [ 139.5430002, 35.3286452 ], [ 139.542999900000012, 35.3286351 ] ] ] } },
{ "type": "Feature", "properties": { "element": "way", "id": 1097909295, "amenity": "place_of_worship", "religion": "shinto", "name": null }, "geometry": { "type": "Polygon", "coordinates": [ [ [ 139.557455, 35.3280869 ], [ 139.5574727, 35.3281121 ], [ 139.5575087, 35.3280972 ], [ 139.557491, 35.3280719 ], [ 139.557472499999989, 35.3280794 ], [ 139.557455, 35.3280869 ] ] ] } },
{ "type": "Feature", "properties": { "element": "way", "id": 1314368867, "amenity": "place_of_worship", "religion": "shinto", "name": "佐助稲荷神社" }, "geometry": { "type": "Polygon", "coordinates": [ [ [ 139.5389256, 35.3246665 ], [ 139.5387375, 35.3244483 ], [ 139.5387201, 35.3241299 ], [ 139.539113, 35.3240587 ], [ 139.5395301, 35.3242251 ], [ 139.5395409, 35.324276499999989 ], [ 139.5401296, 35.3242984 ], [ 139.54012560000001, 35.3243673 ], [ 139.5394014, 35.3244144 ], [ 139.539227, 35.3246846 ], [ 139.5389256, 35.3246665 ] ] ] } },
{ "type": "Feature", "properties": { "element": "way", "id": 1467940194, "amenity": "place_of_worship", "religion": "shinto", "name": "八雲神社" }, "geometry": { "type": "Polygon", "coordinates": [ [ [ 139.5271983, 35.322333 ], [ 139.5273655, 35.3223679 ], [ 139.5274119, 35.3222198 ], [ 139.5272448, 35.322184900000011 ], [ 139.5271983, 35.322333 ] ] ] } }
]
}
