{
"type": "FeatureCollection",
"name": "kamakura_emergent_temples",
"crs": { "type": "name", "properties": { "name": "urn:ogc:def:crs:EPSG::32654" } },
"features": [
{ "type": "Feature", "properties": { "element": "node", "id": 266742805, "amenity": "place_of_worship", "religion": null, "name": "富士和教会" }, "geometry": { "type": "Point", "coordinates": [ 368348.711653007718269, 3908665.339580532163382 ] } },
{ "type": "Feature", "properties": { "element": "node", "id": 266744992, "amenity": "place_of_worship", "religion": "buddhist", "name": "啓運寺" }, "geometry": { "type": "Point", "coordinates": [ 368439.16456349065993, 3908456.276812327094376 ] } },
{ "type": "Feature", "properties": { "element": "node", "id": 266746356, "amenity": "place_of_worship", "religion": "buddhist", "name": "実相寺" }, "geometry": { "type": "Point", "coordinates": [ 368525.136845575761981, 3908199.721762120258063 ] } },
{ "type": "Feature", "properties": { "element": "node", "id": 266755787, "amenity": "place_of_worship", "religion": "buddhist", "name": "光明寺" }, "geometry": { "type": "Point", "coordinates": [ 368582.378319172945339, 3907644.522324413526803 ] } },
{ "type": "Feature", "properties": { "element": "node", "id": 266903443, "amenity": "place_of_worship", "religion": "buddhist", "name": "海蔵寺" }, "geometry": { "type": "Point", "coordinates": [ 367781.404520819196478, 3910483.921965338755399 ] } },
{ "type": "Feature", "properties": { "element": "node", "id": 279691103, "amenity": "place_of_worship", "religion": "buddhist", "name": "英勝寺" }, "geometry": { "type": "Point", "coordinates": [ 368191.000532328966074, 3910062.19885699916631 ] } },
{ "type": "Feature", "properties": { "element": "node", "id": 606299780, "amenity": "place_of_worship", "religion": "shinto", "name": "お稲荷さん" }, "geometry": { "type": "Point", "coordinates": [ 368422.581481447385158, 3909522.239964422769845 ] } },
{ "type": "Feature", "properties": { "element": "node", "id": 607191990, "amenity": "place_of_worship", "religion": "shinto", "name": "下之水神宮" }, "geometry": { "type": "Point", "coordinates": [ 367523.321632130478974, 3910151.839207300916314 ] } },
{ "type": "Feature", "properties": { "element": "node", "id": 607854159, "amenity": "place_of_worship", "religion": "shinto", "name": "奥宮" }, "geometry": { "type": "Point", "coordinates": [ 367481.334366613533348, 3910149.894367277156562 ] } },
{ "type": "Feature", "properties": { "element": "node", "id": 1767485129, "amenity": "place_of_worship", "religion": "buddhist", "name": "覚園寺" }, "geometry": { "type": "Point", "coordinates": [ 369498.063274246524088, 3910711.823756517376751 ] } },
{ "type": "Feature", "properties": { "element": "node", "id": 1773528431, "amenity": "place_of_worship", "religion": "buddhist", "name": "杉本寺" }, "geometry": { "type": "Point", "coordinates": [ 369787.285197374410927, 3909763.606594159733504 ] } },
{ "type": "Feature", "properties": { "element": "node", "id": 1776003146, "amenity": "place_of_worship", "religion": "shinto", "name": "宇都宮稲荷" }, "geometry": { "type": "Point", "coordinates": [ 368551.291587016778067, 3909518.39689783193171 ] } },
{ "type": "Feature", "properties": { "element": "node", "id": 1778056659, "amenity": "place_of_worship", "religion": "christian", "name": "レデンプトリスチン修道院" }, "geometry": { "type": "Point", "coordinates": [ 369066.455093219527043, 3909624.059798118192703 ] } },
{ "type": "Feature", "properties": { "element": "node", "id": 1778085175, "amenity": "place_of_worship", "religion": "buddhist", "name": "寿福寺" }, "geometry": { "type": "Point", "coordinates": [ 368214.536045351182111, 3909974.3799396767281 ] } },
{ "type": "Feature", "properties": { "element": "node", "id": 1778085178, "amenity": "place_of_worship", "religion": "buddhist", "name": "浄光明寺" }, "geometry": { "type": "Point", "coordinates": [ 368314.948892701882869, 3910207.000695659779012 ] } },
{ "type": "Feature", "properties": { "element": "node", "id": 1778842058, "amenity": "place_of_worship", "religion": "buddhist", "name": "岩船不動尊" }, "geometry": { "type": "Point", "coordinates": [ 368335.837552409153432, 3909946.812515698373318 ] } },
{ "type": "Feature", "properties": { "element": "node", "id": 1790785441, "amenity": null, "religion": "shinto", "name": null }, "geometry": { "type": "Point", "coordinates": [ 369511.247493201866746, 3911129.655266837216914 ] } },
{ "type": "Feature", "properties": { "element": "node", "id": 1791638944, "amenity": "place_of_worship", "religion": "shinto", "name": "志一稲荷社" }, "geometry": { "type": "Point", "coordinates": [ 368556.707291800063103, 3910088.758777718991041 ] } },
{ "type": "Feature", "properties": { "element": "node", "id": 1791638949, "amenity": "place_of_worship", "religion": "shinto", "name": "新宮神社" }, "geometry": { "type": "Point", "coordinates": [ 368901.430620755418204, 3910401.535830026958138 ] } },
{ "type": "Feature", "properties": { "element": "node", "id": 1792668572, "amenity": "place_of_worship", "religion": "buddhist", "name": "岩船地蔵堂" }, "geometry": { "type": "Point", "coordinates": [ 368131.156015718763229, 3910291.762338265776634 ] } },
{ "type": "Feature", "properties": { "element": "node", "id": 1792920940, "amenity": "place_of_worship", "religion": "shinto", "name": "正宗稲荷社" }, "geometry": { "type": "Point", "coordinates": [ 368234.299424861615989, 3909812.032867860514671 ] } },
{ "type": "Feature", "properties": { "element": "node", "id": 1796713601, "amenity": "place_of_worship", "religion": "buddhist", "name": "辻薬師堂" }, "geometry": { "type": "Point", "coordinates": [ 368476.575180300278589, 3908697.341138630639762 ] } },
{ "type": "Feature", "properties": { "element": "node", "id": 1797820426, "amenity": "place_of_worship", "religion": "buddhist", "name": "秋葉山三尺坊大権現" }, "geometry": { "type": "Point", "coordinates": [ 368628.419253174797632, 3907785.906072205863893 ] } },
{ "type": "Feature", "properties": { "element": "node", "id": 1797851797, "amenity": "place_of_worship", "religion": "buddhist", "name": "千手院" }, "geometry": { "type": "Point", "coordinates": [ 368520.886291661066934, 3907737.630260697565973 ] } },
{ "type": "Feature", "properties": { "element": "node", "id": 1797851799, "amenity": "place_of_worship", "religion": "buddhist", "name": "蓮乗院" }, "geometry": { "type": "Point", "coordinates": [ 368502.755462707020342, 3907649.954871732741594 ] } },
{ "type": "Feature", "properties": { "element": "node", "id": 1798210158, "amenity": "place_of_worship", "religion": "buddhist", "name": "虚空蔵堂" }, "geometry": { "type": "Point", "coordinates": [ 366604.249163455620874, 3908382.537120542488992 ] } },
{ "type": "Feature", "properties": { "element": "node", "id": 1798877656, "amenity": null, "religion": "buddhist", "name": "六地蔵" }, "geometry": { "type": "Point", "coordinates": [ 367873.582157293800265, 3908986.648667290341109 ] } },
{ "type": "Feature", "properties": { "element": "node", "id": 1808477934, "amenity": "place_of_worship", "religion": "buddhist", "name": "補陀洛寺" }, "geometry": { "type": "Point", "coordinates": [ 368425.172159952693619, 3907930.227645235136151 ] } },
{ "type": "Feature", "properties": { "element": "node", "id": 1808709433, "amenity": "place_of_worship", "religion": "buddhist", "name": "長勝寺" }, "geometry": { "type": "Point", "coordinates": [ 368895.928709721891209, 3908371.341258397325873 ] } },
{ "type": "Feature", "properties": { "element": "node", "id": 1821150679, "amenity": "place_of_worship", "religion": "buddhist", "name": "圓久寺" }, "geometry": { "type": "Point", "coordinates": [ 366174.189206167124212, 3909778.988036291673779 ] } },
{ "type": "Feature", "properties": { "element": "node", "id": 1822898928, "amenity": "place_of_worship", "religion": "buddhist", "name": "法性寺" }, "geometry": { "type": "Point", "coordinates": [ 369787.015003646491095, 3908067.254524814430624 ] } },
{ "type": "Feature", "properties": { "element": "node", "id": 1986446862, "amenity": "place_of_worship", "religion": "shinto", "name": "第六天社" }, "geometry": { "type": "Point", "coordinates": [ 368337.848064342455473, 3910752.036017251666635 ] } },
{ "type": "Feature", "properties": { "element": "node", "id": 1986446863, "amenity": "place_of_worship", "religion": "shinto", "name": "烏森稲荷社" }, "geometry": { "type": "Point", "coordinates": [ 368105.909813904087059, 3911032.165897359605879 ] } },
{ "type": "Feature", "properties": { "element": "node", "id": 1986562664, "amenity": "place_of_worship", "religion": "buddhist", "name": "妙隆寺" }, "geometry": { "type": "Point", "coordinates": [ 368647.419386465684511, 3909564.752983341924846 ] } },
{ "type": "Feature", "properties": { "element": "node", "id": 1989357133, "amenity": "place_of_worship", "religion": "christian", "name": "カトリック雪ノ下教会" }, "geometry": { "type": "Point", "coordinates": [ 368505.962489562109113, 3909559.251270161941648 ] } },
{ "type": "Feature", "properties": { "element": "node", "id": 2032005516, "amenity": "place_of_worship", "religion": null, "name": null }, "geometry": { "type": "Point", "coordinates": [ 366014.543396309018135, 3908405.121508291456848 ] } },
{ "type": "Feature", "properties": { "element": "node", "id": 2153983321, "amenity": "place_of_worship", "religion": "shinto", "name": "太神宮" }, "geometry": { "type": "Point", "coordinates": [ 369113.97822511132108, 3909620.795262910425663 ] } },
{ "type": "Feature", "properties": { "element": "node", "id": 2382036955, "amenity": "place_of_worship", "religion": "shinto", "name": "浅間神社" }, "geometry": { "type": "Point", "coordinates": [ 367090.689742749207653, 3909539.001135173719376 ] } },
{ "type": "Feature", "properties": { "element": "node", "id": 3635192956, "amenity": "place_of_worship", "religion": "shinto", "name": null }, "geometry": { "type": "Point", "coordinates": [ 369018.275546855293214, 3908250.182411243207753 ] } },
{ "type": "Feature", "properties": { "element": "node", "id": 3635192958, "amenity": "place_of_worship", "religion": "shinto", "name": null }, "geometry": { "type": "Point", "coordinates": [ 368854.197967109037563, 3907898.957138673402369 ] } },
{ "type": "Feature", "properties": { "element": "node", "id": 3806625002, "amenity": null, "religion": "buddhist", "name": null }, "geometry": { "type": "Point", "coordinates": [ 369860.633715982199647, 3906753.147180133033544 ] } },
{ "type": "Feature", "properties": { "element": "node", "id": 3806625009, "amenity": null, "religion": "shinto", "name": null }, "geometry": { "type": "Point", "coordinates": [ 369050.745146997331176, 3906776.557226339820772 ] } },
{ "type": "Feature", "properties": { "element": "node", "id": 3806625011, "amenity": null, "religion": "shinto", "name": null }, "geometry": { "type": "Point", "coordinates": [ 369048.623161259922199, 3906778.241009472403675 ] } },
{ "type": "Feature", "properties": { "element": "node", "id": 3806625024, "amenity": null, "religion": "shinto", "name": null }, "geometry": { "type": "Point", "coordinates": [ 369056.647837533499114, 3906787.199068096466362 ] } },
{ "type": "Feature", "properties": { "element": "node", "id": 3806625025, "amenity": null, "religion": "shinto", "name": null }, "geometry": { "type": "Point", "coordinates": [ 369052.381545378593728, 3906788.403689538128674 ] } },
{ "type": "Feature", "properties": { "element": "node", "id": 3806626077, "amenity": "place_of_worship", "religion": "shinto", "name": null }, "geometry": { "type": "Point", "coordinates": [ 368885.892842925328296, 3906911.389893872663379 ] } },
{ "type": "Feature", "properties": { "element": "node", "id": 3806626086, "amenity": null, "religion": "shinto", "name": null }, "geometry": { "type": "Point", "coordinates": [ 368878.318608654430136, 3906917.146754974499345 ] } },
{ "type": "Feature", "properties": { "element": "node", "id": 3806626137, "amenity": null, "religion": "shinto", "name": null }, "geometry": { "type": "Point", "coordinates": [ 368875.213587234728038, 3906965.039002898149192 ] } },
{ "type": "Feature", "properties": { "element": "node", "id": 3806626138, "amenity": null, "religion": "shinto", "name": null }, "geometry": { "type": "Point", "coordinates": [ 368876.160227775922976, 3906965.091794420499355 ] } },
{ "type": "Feature", "properties": { "element": "node", "id": 3806626163, "amenity": null, "religion": "shinto", "name": null }, "geometry": { "type": "Point", "coordinates": [ 368882.827121326234192, 3907118.91976908268407 ] } },
{ "type": "Feature", "properties": { "element": "node", "id": 3806626186, "amenity": null, "religion": "shinto", "name": null }, "geometry": { "type": "Point", "coordinates": [ 368764.044027385883965, 3907288.451762987300754 ] } },
{ "type": "Feature", "properties": { "element": "node", "id": 3806626187, "amenity": null, "religion": "buddhist", "name": null }, "geometry": { "type": "Point", "coordinates": [ 368498.244768953765742, 3907462.980572955217212 ] } },
{ "type": "Feature", "properties": { "element": "node", "id": 3806626229, "amenity": null, "religion": "shinto", "name": "八海山大神　御嶽山大神　三笠山大神" }, "geometry": { "type": "Point", "coordinates": [ 368877.634854962991085, 3906917.034670514985919 ] } },
{ "type": "Feature", "properties": { "element": "node", "id": 3806626230, "amenity": "place_of_worship", "religion": "buddhist", "name": "地蔵堂" }, "geometry": { "type": "Point", "coordinates": [ 368874.680424727965146, 3907106.568971107248217 ] } },
{ "type": "Feature", "properties": { "element": "node", "id": 3806626233, "amenity": null, "religion": "shinto", "name": "小坂天王社" }, "geometry": { "type": "Point", "coordinates": [ 368880.144899814971723, 3906965.166955451946706 ] } },
{ "type": "Feature", "properties": { "element": "node", "id": 3806626243, "amenity": null, "religion": "shinto", "name": "高彦霊神　竹水霊神" }, "geometry": { "type": "Point", "coordinates": [ 368876.977089694119059, 3906916.833458558656275 ] } },
{ "type": "Feature", "properties": { "element": "node", "id": 3806676507, "amenity": null, "religion": "shinto", "name": null }, "geometry": { "type": "Point", "coordinates": [ 368644.694580078241415, 3908214.263590259011835 ] } },
{ "type": "Feature", "properties": { "element": "node", "id": 3806676509, "amenity": null, "religion": "shinto", "name": null }, "geometry": { "type": "Point", "coordinates": [ 368638.610795962275006, 3908216.127280633896589 ] } },
{ "type": "Feature", "properties": { "element": "node", "id": 3806676512, "amenity": null, "religion": "shinto", "name": null }, "geometry": { "type": "Point", "coordinates": [ 368634.442390018841252, 3908219.005859514698386 ] } },
{ "type": "Feature", "properties": { "element": "node", "id": 3806676540, "amenity": null, "religion": "shinto", "name": null }, "geometry": { "type": "Point", "coordinates": [ 368572.636549811810255, 3908951.061892386060208 ] } },
{ "type": "Feature", "properties": { "element": "node", "id": 3806676542, "amenity": null, "religion": "shinto", "name": null }, "geometry": { "type": "Point", "coordinates": [ 368601.181124388414901, 3908951.810312381479889 ] } },
{ "type": "Feature", "properties": { "element": "node", "id": 3806676545, "amenity": null, "religion": "shinto", "name": null }, "geometry": { "type": "Point", "coordinates": [ 368609.000304025539663, 3908956.122659565880895 ] } },
{ "type": "Feature", "properties": { "element": "node", "id": 3806676552, "amenity": null, "religion": "shinto", "name": null }, "geometry": { "type": "Point", "coordinates": [ 368580.005877047369722, 3909337.105385173577815 ] } },
{ "type": "Feature", "properties": { "element": "node", "id": 3806676565, "amenity": "place_of_worship", "religion": "shinto", "name": "三峰神社　御嶽神社" }, "geometry": { "type": "Point", "coordinates": [ 368627.096971857361495, 3908939.406706220470369 ] } },
{ "type": "Feature", "properties": { "element": "node", "id": 3806676569, "amenity": null, "religion": "shinto", "name": "於岩稲荷社" }, "geometry": { "type": "Point", "coordinates": [ 368607.575959831243381, 3908955.721873212140054 ] } },
{ "type": "Feature", "properties": { "element": "node", "id": 3806676571, "amenity": null, "religion": "shinto", "name": "稲荷神社" }, "geometry": { "type": "Point", "coordinates": [ 368607.629597667953931, 3908954.412029716651887 ] } },
{ "type": "Feature", "properties": { "element": "node", "id": 3806676572, "amenity": null, "religion": "shinto", "name": "諏訪神社" }, "geometry": { "type": "Point", "coordinates": [ 368607.491515492438339, 3908953.049514005426317 ] } },
{ "type": "Feature", "properties": { "element": "node", "id": 3908804378, "amenity": "place_of_worship", "religion": "shinto", "name": "子守神社" }, "geometry": { "type": "Point", "coordinates": [ 365996.94108637428144, 3909444.480399298015982 ] } },
{ "type": "Feature", "properties": { "element": "node", "id": 3937260628, "amenity": "place_of_worship", "religion": "shinto", "name": null }, "geometry": { "type": "Point", "coordinates": [ 366090.915800360555295, 3907746.342095787636936 ] } },
{ "type": "Feature", "properties": { "element": "node", "id": 3937261785, "amenity": null, "religion": "shinto", "name": null }, "geometry": { "type": "Point", "coordinates": [ 366648.83953369804658, 3908504.475011484697461 ] } },
{ "type": "Feature", "properties": { "element": "node", "id": 3937261787, "amenity": null, "religion": "shinto", "name": null }, "geometry": { "type": "Point", "coordinates": [ 366658.789669750374742, 3908507.056824769824743 ] } },
{ "type": "Feature", "properties": { "element": "node", "id": 3937261826, "amenity": null, "religion": "shinto", "name": "地神社" }, "geometry": { "type": "Point", "coordinates": [ 366625.69431989826262, 3908546.707954736426473 ] } },
{ "type": "Feature", "properties": { "element": "node", "id": 3937261829, "amenity": null, "religion": "shinto", "name": "夫婦銀杏" }, "geometry": { "type": "Point", "coordinates": [ 366636.898027939721942, 3908531.387918003834784 ] } },
{ "type": "Feature", "properties": { "element": "node", "id": 3937261838, "amenity": null, "religion": "shinto", "name": "庚申塔" }, "geometry": { "type": "Point", "coordinates": [ 366632.579850443231408, 3908546.827899599913508 ] } },
{ "type": "Feature", "properties": { "element": "node", "id": 3937261841, "amenity": "place_of_worship", "religion": "shinto", "name": "大太刀稲荷神社" }, "geometry": { "type": "Point", "coordinates": [ 367014.978852779255249, 3908447.709810135420412 ] } },
{ "type": "Feature", "properties": { "element": "node", "id": 3937261842, "amenity": null, "religion": "shinto", "name": "御嶽山神社" }, "geometry": { "type": "Point", "coordinates": [ 366444.332872576429509, 3908547.852640693541616 ] } },
{ "type": "Feature", "properties": { "element": "node", "id": 3937261843, "amenity": null, "religion": "shinto", "name": "御嶽社" }, "geometry": { "type": "Point", "coordinates": [ 366628.628938799374737, 3908547.762800614815205 ] } },
{ "type": "Feature", "properties": { "element": "node", "id": 3937261845, "amenity": null, "religion": "shinto", "name": "御神木 たぶの木" }, "geometry": { "type": "Point", "coordinates": [ 366646.825827058113646, 3908512.80300708906725 ] } },
{ "type": "Feature", "properties": { "element": "node", "id": 3937261848, "amenity": null, "religion": "buddhist", "name": "日限六地蔵尊" }, "geometry": { "type": "Point", "coordinates": [ 366578.102332610171288, 3908338.759713620878756 ] } },
{ "type": "Feature", "properties": { "element": "node", "id": 3937262058, "amenity": "place_of_worship", "religion": "shinto", "name": "石上神社" }, "geometry": { "type": "Point", "coordinates": [ 366623.603893969440833, 3908545.55186127545312 ] } },
{ "type": "Feature", "properties": { "element": "node", "id": 3937262060, "amenity": null, "religion": "shinto", "name": "祖霊社" }, "geometry": { "type": "Point", "coordinates": [ 366636.145735087513458, 3908536.468937874305993 ] } },
{ "type": "Feature", "properties": { "element": "node", "id": 3937262061, "amenity": null, "religion": "shinto", "name": "秋葉神社" }, "geometry": { "type": "Point", "coordinates": [ 366628.421797468676232, 3908509.813847698736936 ] } },
{ "type": "Feature", "properties": { "element": "node", "id": 3937262081, "amenity": null, "religion": "shinto", "name": "稲荷神社" }, "geometry": { "type": "Point", "coordinates": [ 366631.332700280298013, 3908506.808701518457383 ] } },
{ "type": "Feature", "properties": { "element": "node", "id": 3937262083, "amenity": null, "religion": "shinto", "name": "第六天社" }, "geometry": { "type": "Point", "coordinates": [ 366634.22441863862332, 3908541.822421358432621 ] } },
{ "type": "Feature", "properties": { "element": "node", "id": 3937262092, "amenity": null, "religion": "buddhist", "name": "観世音" }, "geometry": { "type": "Point", "coordinates": [ 367763.696214870782569, 3908291.727165392134339 ] } },
{ "type": "Feature", "properties": { "element": "node", "id": 3937262094, "amenity": null, "religion": "shinto", "name": "金刀毘羅社" }, "geometry": { "type": "Point", "coordinates": [ 366621.560238513513468, 3908544.483826566487551 ] } },
{ "type": "Feature", "properties": { "element": "node", "id": 4503377040, "amenity": "place_of_worship", "religion": null, "name": null }, "geometry": { "type": "Point", "coordinates": [ 367752.264869064150844, 3910683.106686855666339 ] } },
{ "type": "Feature", "properties": { "element": "node", "id": 5353492532, "amenity": "place_of_worship", "religion": null, "name": "馬頭観音" }, "geometry": { "type": "Point", "coordinates": [ 368634.724906216841191, 3908476.631346901413053 ] } },
{ "type": "Feature", "properties": { "element": "node", "id": 5365398470, "amenity": null, "religion": "buddhist", "name": null }, "geometry": { "type": "Point", "coordinates": [ 369416.311722332262434, 3909819.476781769655645 ] } },
{ "type": "Feature", "properties": { "element": "node", "id": 5392909616, "amenity": null, "religion": "shinto", "name": null }, "geometry": { "type": "Point", "coordinates": [ 369025.223919664509594, 3911124.166965063195676 ] } },
{ "type": "Feature", "properties": { "element": "node", "id": 5392910822, "amenity": null, "religion": "buddhist", "name": null }, "geometry": { "type": "Point", "coordinates": [ 369534.770178940263577, 3910522.154941722750664 ] } },
{ "type": "Feature", "properties": { "element": "node", "id": 5392910835, "amenity": "place_of_worship", "religion": "shinto", "name": "村上社" }, "geometry": { "type": "Point", "coordinates": [ 369741.124534299131483, 3910155.160508384928107 ] } },
{ "type": "Feature", "properties": { "element": "node", "id": 6170211702, "amenity": null, "religion": "shinto", "name": null }, "geometry": { "type": "Point", "coordinates": [ 368490.84044329734752, 3907234.136487942654639 ] } },
{ "type": "Feature", "properties": { "element": "node", "id": 6170211725, "amenity": null, "religion": "shinto", "name": null }, "geometry": { "type": "Point", "coordinates": [ 368356.834456133365165, 3907236.913676614873111 ] } },
{ "type": "Feature", "properties": { "element": "node", "id": 6170211750, "amenity": null, "religion": "buddhist", "name": "交通安全地蔵尊" }, "geometry": { "type": "Point", "coordinates": [ 368801.597424407722428, 3907124.250808050390333 ] } },
{ "type": "Feature", "properties": { "element": "node", "id": 6171723252, "amenity": "place_of_worship", "religion": "buddhist", "name": null }, "geometry": { "type": "Point", "coordinates": [ 368441.892450972751249, 3907252.800446989480406 ] } },
{ "type": "Feature", "properties": { "element": "node", "id": 6406399723, "amenity": "place_of_worship", "religion": "buddhist", "name": "本興寺" }, "geometry": { "type": "Point", "coordinates": [ 368549.721347857092042, 3908690.515887820161879 ] } },
{ "type": "Feature", "properties": { "element": "node", "id": 6438802505, "amenity": "place_of_worship", "religion": "shinto", "name": "稲荷社" }, "geometry": { "type": "Point", "coordinates": [ 368789.011383673409, 3909847.886919585987926 ] } },
{ "type": "Feature", "properties": { "element": "node", "id": 6438802512, "amenity": null, "religion": "buddhist", "name": "青面金剛" }, "geometry": { "type": "Point", "coordinates": [ 368562.26424407568993, 3910098.229390259832144 ] } },
{ "type": "Feature", "properties": { "element": "node", "id": 6516375959, "amenity": null, "religion": "buddhist", "name": null }, "geometry": { "type": "Point", "coordinates": [ 369741.706096763780806, 3909175.756762893404812 ] } },
{ "type": "Feature", "properties": { "element": "node", "id": 6516375960, "amenity": null, "religion": "buddhist", "name": null }, "geometry": { "type": "Point", "coordinates": [ 369720.402025180461351, 3908984.011069233063608 ] } },
{ "type": "Feature", "properties": { "element": "node", "id": 6516440423, "amenity": "place_of_worship", "religion": "shinto", "name": "山王権現" }, "geometry": { "type": "Point", "coordinates": [ 369706.542099408514332, 3908165.210030548274517 ] } },
{ "type": "Feature", "properties": { "element": "node", "id": 6612286084, "amenity": null, "religion": "shinto", "name": "弁財天" }, "geometry": { "type": "Point", "coordinates": [ 367481.811837789195124, 3910127.355792858172208 ] } },
{ "type": "Feature", "properties": { "element": "node", "id": 6612305860, "amenity": null, "religion": "shinto", "name": null }, "geometry": { "type": "Point", "coordinates": [ 367513.840255619725212, 3910137.101896522101015 ] } },
{ "type": "Feature", "properties": { "element": "node", "id": 6612317567, "amenity": null, "religion": "buddhist", "name": null }, "geometry": { "type": "Point", "coordinates": [ 368218.711068335862365, 3910638.547983248252422 ] } },
{ "type": "Feature", "properties": { "element": "node", "id": 6616150166, "amenity": null, "religion": "shinto", "name": "合鎚稲荷社" }, "geometry": { "type": "Point", "coordinates": [ 367553.775914483936504, 3910485.991870066616684 ] } },
{ "type": "Feature", "properties": { "element": "node", "id": 6616150174, "amenity": null, "religion": "shinto", "name": null }, "geometry": { "type": "Point", "coordinates": [ 367573.487268291879445, 3910481.120176364667714 ] } },
{ "type": "Feature", "properties": { "element": "node", "id": 6616157599, "amenity": null, "religion": "shinto", "name": null }, "geometry": { "type": "Point", "coordinates": [ 368191.13059763686033, 3910320.138481865171343 ] } },
{ "type": "Feature", "properties": { "element": "node", "id": 6616245193, "amenity": null, "religion": "shinto", "name": null }, "geometry": { "type": "Point", "coordinates": [ 368237.246319501311518, 3909713.920803336892277 ] } },
{ "type": "Feature", "properties": { "element": "node", "id": 6616451004, "amenity": "place_of_worship", "religion": "shinto", "name": "五所神社" }, "geometry": { "type": "Point", "coordinates": [ 367000.455022360547446, 3908876.312058794312179 ] } },
{ "type": "Feature", "properties": { "element": "node", "id": 6616451020, "amenity": "place_of_worship", "religion": "shinto", "name": "秋葉神社" }, "geometry": { "type": "Point", "coordinates": [ 367033.3149227789836, 3908900.776974536944181 ] } },
{ "type": "Feature", "properties": { "element": "node", "id": 6640621513, "amenity": null, "religion": "buddhist", "name": null }, "geometry": { "type": "Point", "coordinates": [ 366318.678116532159038, 3908412.341067123226821 ] } },
{ "type": "Feature", "properties": { "element": "node", "id": 6640621514, "amenity": "place_of_worship", "religion": "buddhist", "name": null }, "geometry": { "type": "Point", "coordinates": [ 366325.711530978675, 3908407.710419354494661 ] } },
{ "type": "Feature", "properties": { "element": "node", "id": 6680326384, "amenity": "place_of_worship", "religion": "christian", "name": "Calvary Chapel Kamakura" }, "geometry": { "type": "Point", "coordinates": [ 367833.159002898901235, 3908954.082369272597134 ] } },
{ "type": "Feature", "properties": { "element": "node", "id": 7159568431, "amenity": null, "religion": "buddhist", "name": null }, "geometry": { "type": "Point", "coordinates": [ 369968.507008747430518, 3909605.488007873762399 ] } },
{ "type": "Feature", "properties": { "element": "node", "id": 7159587600, "amenity": null, "religion": "shinto", "name": "御神木" }, "geometry": { "type": "Point", "coordinates": [ 369509.353635223931633, 3910098.277490097098053 ] } },
{ "type": "Feature", "properties": { "element": "node", "id": 7266386187, "amenity": null, "religion": "shinto", "name": "紅葉稲荷社" }, "geometry": { "type": "Point", "coordinates": [ 368568.174801466753706, 3909971.840668745338917 ] } },
{ "type": "Feature", "properties": { "element": "node", "id": 7266386193, "amenity": "place_of_worship", "religion": "shinto", "name": "今宮" }, "geometry": { "type": "Point", "coordinates": [ 368890.729710160754621, 3910382.787901652976871 ] } },
{ "type": "Feature", "properties": { "element": "node", "id": 7886251096, "amenity": null, "religion": "shinto", "name": null }, "geometry": { "type": "Point", "coordinates": [ 368995.759101714356802, 3911072.199934255797416 ] } },
{ "type": "Feature", "properties": { "element": "node", "id": 7886251143, "amenity": null, "religion": "shinto", "name": null }, "geometry": { "type": "Point", "coordinates": [ 368983.305602901848033, 3911047.276016790885478 ] } },
{ "type": "Feature", "properties": { "element": "node", "id": 7886251144, "amenity": null, "religion": "shinto", "name": null }, "geometry": { "type": "Point", "coordinates": [ 368981.538178401533514, 3911048.888148148078471 ] } },
{ "type": "Feature", "properties": { "element": "node", "id": 7904156336, "amenity": null, "religion": "shinto", "name": null }, "geometry": { "type": "Point", "coordinates": [ 368840.014138637925498, 3910049.893181059975177 ] } },
{ "type": "Feature", "properties": { "element": "node", "id": 7904419417, "amenity": null, "religion": "shinto", "name": "手水" }, "geometry": { "type": "Point", "coordinates": [ 368722.92037529440131, 3910057.989500917959958 ] } },
{ "type": "Feature", "properties": { "element": "node", "id": 7907593780, "amenity": "place_of_worship", "religion": "shinto", "name": "巨福稲荷大明神" }, "geometry": { "type": "Point", "coordinates": [ 368568.39246269071009, 3910743.475393395870924 ] } },
{ "type": "Feature", "properties": { "element": "node", "id": 8024185354, "amenity": null, "religion": "shinto", "name": "手水" }, "geometry": { "type": "Point", "coordinates": [ 367477.531368973664939, 3910120.063586831092834 ] } },
{ "type": "Feature", "properties": { "element": "node", "id": 8049207865, "amenity": null, "religion": "shinto", "name": "手水" }, "geometry": { "type": "Point", "coordinates": [ 367233.695551559736487, 3909995.377532165497541 ] } },
{ "type": "Feature", "properties": { "element": "node", "id": 8070415354, "amenity": null, "religion": "buddhist", "name": null }, "geometry": { "type": "Point", "coordinates": [ 369346.511425968143158, 3909920.310446368996054 ] } },
{ "type": "Feature", "properties": { "element": "node", "id": 8201405165, "amenity": "place_of_worship", "religion": "buddhist", "name": "妙本寺" }, "geometry": { "type": "Point", "coordinates": [ 368849.887868591817096, 3909172.667450123932213 ] } },
{ "type": "Feature", "properties": { "element": "node", "id": 10060437476, "amenity": null, "religion": "buddhist", "name": "朱印所" }, "geometry": { "type": "Point", "coordinates": [ 366652.221329611260444, 3908683.80121901538223 ] } },
{ "type": "Feature", "properties": { "element": "node", "id": 11462643182, "amenity": "place_of_worship", "religion": null, "name": "源 頼朝の墓" }, "geometry": { "type": "Point", "coordinates": [ 369224.314507602655794, 3910148.085562743246555 ] } },
{ "type": "Feature", "properties": { "element": "node", "id": 12060916941, "amenity": null, "religion": "buddhist", "name": "手水" }, "geometry": { "type": "Point", "coordinates": [ 366863.328364464687183, 3909095.166635503061116 ] } },
{ "type": "Feature", "properties": { "element": "node", "id": 13467856519, "amenity": null, "religion": "shinto", "name": null }, "geometry": { "type": "Point", "coordinates": [ 366155.671952408272773, 3909781.68169549619779 ] } },
{ "type": "Feature", "properties": { "element": "node", "id": 13592448086, "amenity": null, "religion": "shinto", "name": null }, "geometry": { "type": "Point", "coordinates": [ 369109.974406967579853, 3909539.869279782753438 ] } },
{ "type": "Feature", "properties": { "element": "node", "id": 13592448089, "amenity": null, "religion": "shinto", "name": "猿田彦太神" }, "geometry": { "type": "Point", "coordinates": [ 369182.35106035094941, 3909750.30836765980348 ] } },
{ "type": "Feature", "properties": { "element": "node", "id": 13592448090, "amenity": null, "religion": "shinto", "name": "庚申塔" }, "geometry": { "type": "Point", "coordinates": [ 369182.118031366262585, 3909751.165969251655042 ] } },
{ "type": "Feature", "properties": { "element": "node", "id": 13592448091, "amenity": null, "religion": "shinto", "name": "妙見大菩薩" }, "geometry": { "type": "Point", "coordinates": [ 369182.012587225064635, 3909752.043904955964535 ] } },
{ "type": "Feature", "properties": { "element": "node", "id": 13592448092, "amenity": null, "religion": "shinto", "name": "庚申塔" }, "geometry": { "type": "Point", "coordinates": [ 369182.024026538594626, 3909752.831393004395068 ] } },
{ "type": "Feature", "properties": { "element": "node", "id": 13592448093, "amenity": null, "religion": "shinto", "name": "庚申塔" }, "geometry": { "type": "Point", "coordinates": [ 369181.88093277043663, 3909753.621125854551792 ] } },
{ "type": "Feature", "properties": { "element": "node", "id": 13592448094, "amenity": null, "religion": "shinto", "name": "庚申塔" }, "geometry": { "type": "Point", "coordinates": [ 369181.892049866728485, 3909754.386431142222136 ] } },
{ "type": "Feature", "properties": { "element": "node", "id": 13592448095, "amenity": null, "religion": "shinto", "name": "庚申塔" }, "geometry": { "type": "Point", "coordinates": [ 369181.902683612890542, 3909755.118462288286537 ] } },
{ "type": "Feature", "properties": { "element": "node", "id": 13592448096, "amenity": null, "religion": "shinto", "name": null }, "geometry": { "type": "Point", "coordinates": [ 369182.003252447932027, 3909755.782624676823616 ] } },
{ "type": "Feature", "properties": { "element": "node", "id": 13592466103, "amenity": null, "religion": "buddhist", "name": null }, "geometry": { "type": "Point", "coordinates": [ 369735.007410103338771, 3909138.212776285130531 ] } },
{ "type": "Feature", "properties": { "element": "node", "id": 13592466105, "amenity": null, "religion": "buddhist", "name": null }, "geometry": { "type": "Point", "coordinates": [ 369722.267482335970271, 3908986.624385245144367 ] } },
{ "type": "Feature", "properties": { "element": "node", "id": 13592466109, "amenity": null, "religion": "buddhist", "name": null }, "geometry": { "type": "Point", "coordinates": [ 369864.392348551074974, 3908742.040196665562689 ] } },
{ "type": "Feature", "properties": { "element": "node", "id": 13592466115, "amenity": null, "religion": "shinto", "name": null }, "geometry": { "type": "Point", "coordinates": [ 369840.698966711992398, 3908465.329271554015577 ] } },
{ "type": "Feature", "properties": { "element": "node", "id": 13592466116, "amenity": null, "religion": "buddhist", "name": null }, "geometry": { "type": "Point", "coordinates": [ 369830.687515073048417, 3908477.310852870345116 ] } },
{ "type": "Feature", "properties": { "element": "way", "id": 25726652, "amenity": "place_of_worship", "religion": "christian", "name": "鎌倉恩寵教会" }, "geometry": { "type": "Polygon", "coordinates": [ [ [ 367654.199364314321429, 3909501.714711463078856 ], [ 367664.652875358238816, 3909497.811402312479913 ], [ 367660.372289372142404, 3909490.519111731089652 ], [ 367661.405129164224491, 3909486.554543000180274 ], [ 367652.761693124193698, 3909481.223403317388147 ], [ 367646.268261086312123, 3909488.551982273347676 ], [ 367654.199364314321429, 3909501.714711463078856 ] ] ] } },
{ "type": "Feature", "properties": { "element": "way", "id": 34547350, "amenity": "place_of_worship", "religion": "shinto", "name": "舞殿" }, "geometry": { "type": "Polygon", "coordinates": [ [ [ 368751.996733734442387, 3910102.950181644409895 ], [ 368764.254578435909934, 3910096.85855381237343 ], [ 368759.619313442322891, 3910087.607361214235425 ], [ 368747.361620321287774, 3910093.710086388979107 ], [ 368751.996733734442387, 3910102.950181644409895 ] ] ] } },
{ "type": "Feature", "properties": { "element": "way", "id": 34550401, "amenity": "place_of_worship", "religion": "shinto", "name": "鶴岡八幡宮" }, "geometry": { "type": "Polygon", "coordinates": [ [ [ 368806.423507194675039, 3910239.841549746226519 ], [ 368822.208450040430762, 3910226.864853176753968 ], [ 368862.668475288548507, 3910208.913785742595792 ], [ 368869.169454454327933, 3910169.613810508046299 ], [ 368894.511690890649334, 3910134.898554500658065 ], [ 368913.998707391088828, 3910116.398917912505567 ], [ 368926.080471552733798, 3910108.823516035452485 ], [ 368930.37704910361208, 3910094.194892235100269 ], [ 368927.897754462086596, 3910084.390832886565477 ], [ 368925.512452314491384, 3910078.54587138723582 ], [ 368920.157345817890018, 3910079.167417305521667 ], [ 368911.513940506847575, 3910038.146557366941124 ], [ 368877.015833905781619, 3909974.205290233716369 ], [ 368862.32168536412064, 3909950.368034689687192 ], [ 368800.074955162708648, 3909855.901814454700798 ], [ 368788.969573181995656, 3909856.873461551964283 ], [ 368778.519869632902555, 3909844.190262130927294 ], [ 368672.835650654742494, 3909904.150559187866747 ], [ 368668.070483460091054, 3909895.356146298814565 ], [ 368563.993976336787455, 3909965.711374029517174 ], [ 368560.722013878053986, 3909971.394761388655752 ], [ 368560.24849640915636, 3909976.327301825396717 ], [ 368561.174325375352055, 3909981.827386074699461 ], [ 368606.240269594243728, 3910045.202863701619208 ], [ 368632.842194484954234, 3910083.787101970054209 ], [ 368652.802827870589681, 3910115.235155455768108 ], [ 368685.678429147345014, 3910166.341623560991138 ], [ 368696.349148449255154, 3910179.232269573491067 ], [ 368714.1583262658678, 3910195.968219160102308 ], [ 368727.055897413403727, 3910206.951586149167269 ], [ 368744.414700991008431, 3910226.478689461946487 ], [ 368753.55785460525658, 3910242.48682256648317 ], [ 368760.944770393543877, 3910252.152747841086239 ], [ 368770.439720044145361, 3910271.71686319867149 ], [ 368772.379960671940353, 3910275.715617392677814 ], [ 368812.085186344338581, 3910255.900464569218457 ], [ 368806.423507194675039, 3910239.841549746226519 ] ] ] } },
{ "type": "Feature", "properties": { "element": "way", "id": 34550404, "amenity": "place_of_worship", "religion": "shinto", "name": "若宮" }, "geometry": { "type": "Polygon", "coordinates": [ [ [ 368774.314710790175013, 3910089.689596037380397 ], [ 368777.60602399695199, 3910095.310537281446159 ], [ 368776.299148839898407, 3910096.095051010604948 ], [ 368781.74488853913499, 3910107.309128026943654 ], [ 368783.010360851360019, 3910109.298655588179827 ], [ 368799.45487284346018, 3910101.016067986842245 ], [ 368795.767134886409622, 3910093.7701146886684 ], [ 368792.490819624566939, 3910087.305823903065175 ], [ 368788.646016363461968, 3910089.247785327024758 ], [ 368786.137690151517745, 3910084.325430568773299 ], [ 368782.364959178725258, 3910086.221969441510737 ], [ 368774.314710790175013, 3910089.689596037380397 ] ] ] } },
{ "type": "Feature", "properties": { "element": "way", "id": 34582197, "amenity": "place_of_worship", "religion": "shinto", "name": "齋館" }, "geometry": { "type": "Polygon", "coordinates": [ [ [ 368825.705533856060356, 3909939.552442312240601 ], [ 368831.115180841181427, 3909949.535668071825057 ], [ 368828.00288283964619, 3909951.211783433798701 ], [ 368826.124901109258644, 3909947.744610118679702 ], [ 368813.404794455738738, 3909954.575063204858452 ], [ 368818.253698834450915, 3909963.512545024510473 ], [ 368825.795565846958198, 3909959.46440108679235 ], [ 368827.98175466642715, 3909963.49286568723619 ], [ 368837.219618410104886, 3909958.532527212519199 ], [ 368832.07145004265476, 3909949.022520414087921 ], [ 368836.473925747501198, 3909946.661989579442888 ], [ 368841.210984343953896, 3909955.412518305238336 ], [ 368848.878996932529844, 3909951.284900952596217 ], [ 368840.14302499673795, 3909935.148711098823696 ], [ 368835.803849545074627, 3909937.486130314413458 ], [ 368834.39313165389467, 3909934.888555077370256 ], [ 368825.705533856060356, 3909939.552442312240601 ] ] ] } },
{ "type": "Feature", "properties": { "element": "way", "id": 34742564, "amenity": null, "religion": "shinto", "name": "社務所" }, "geometry": { "type": "Polygon", "coordinates": [ [ [ 368751.000888858106919, 3910056.459696321748197 ], [ 368763.683759967971127, 3910050.20656338147819 ], [ 368766.452697051689029, 3910048.679646377451718 ], [ 368762.177377342479303, 3910040.421643790788949 ], [ 368758.321404791320674, 3910033.488780989777297 ], [ 368754.494386977981776, 3910025.423935236409307 ], [ 368753.846975148306228, 3910024.046652732882649 ], [ 368744.154080343258101, 3910028.96933973999694 ], [ 368744.688695974298753, 3910030.093109506182373 ], [ 368743.08184650936164, 3910030.882000186946243 ], [ 368744.430565266986378, 3910033.591403226833791 ], [ 368746.723074284614995, 3910032.43751857150346 ], [ 368748.45187808224, 3910036.272944489028305 ], [ 368749.910826771869324, 3910035.941054219845682 ], [ 368751.622058645938523, 3910040.44236176693812 ], [ 368748.452680531423539, 3910041.941838824655861 ], [ 368749.062115813489072, 3910043.20873700035736 ], [ 368749.509909342858009, 3910043.989866278134286 ], [ 368745.685862037411425, 3910046.109042961150408 ], [ 368751.000888858106919, 3910056.459696321748197 ] ] ] } },
{ "type": "Feature", "properties": { "element": "way", "id": 47795378, "amenity": null, "religion": "shinto", "name": "社務所" }, "geometry": { "type": "Polygon", "coordinates": [ [ [ 367220.071038251451682, 3910011.087595948483795 ], [ 367228.939587284461595, 3910010.734953393228352 ], [ 367228.885539068956859, 3910003.369446558412164 ], [ 367223.913643321488053, 3910003.464943133294582 ], [ 367220.050889512931462, 3910003.555181513074785 ], [ 367220.071038251451682, 3910011.087595948483795 ] ] ] } },
{ "type": "Feature", "properties": { "element": "way", "id": 53625049, "amenity": null, "religion": "buddhist", "name": "得月楼" }, "geometry": { "type": "Polygon", "coordinates": [ [ [ 368737.431081969290972, 3910830.635652734432369 ], [ 368712.660566253354773, 3910810.240429370198399 ], [ 368708.34503212699201, 3910806.686798899900168 ], [ 368709.882158434367739, 3910804.867191606201231 ], [ 368718.730463946354575, 3910794.454233976546675 ], [ 368747.035343200550415, 3910818.44779195683077 ], [ 368737.431081969290972, 3910830.635652734432369 ] ] ] } },
{ "type": "Feature", "properties": { "element": "way", "id": 53625050, "amenity": null, "religion": "buddhist", "name": "法堂" }, "geometry": { "type": "Polygon", "coordinates": [ [ [ 368663.050825328566134, 3910770.371959265321493 ], [ 368645.811169647728093, 3910757.71033764956519 ], [ 368661.081180862849578, 3910738.805646919179708 ], [ 368677.394236560445279, 3910751.514095768332481 ], [ 368663.050825328566134, 3910770.371959265321493 ] ] ] } },
{ "type": "Feature", "properties": { "element": "way", "id": 53625052, "amenity": null, "religion": "buddhist", "name": "龍王殿" }, "geometry": { "type": "Polygon", "coordinates": [ [ [ 368695.449271448072977, 3910838.780551431700587 ], [ 368693.862650366558228, 3910837.206191073171794 ], [ 368693.078752280736808, 3910836.441061234567314 ], [ 368692.442544608842582, 3910835.829089985694736 ], [ 368679.268181319290306, 3910822.642177148722112 ], [ 368685.786854241450783, 3910815.813173150178045 ], [ 368684.401644427329302, 3910814.335720262024552 ], [ 368690.476871883380227, 3910808.267564684152603 ], [ 368692.081706222437788, 3910809.220408072695136 ], [ 368694.157382257224526, 3910806.927004574798048 ], [ 368698.376567506697029, 3910802.627647726330906 ], [ 368704.573436278151348, 3910808.638838639482856 ], [ 368709.728182508551981, 3910813.63351153023541 ], [ 368714.938266525685322, 3910818.682848972268403 ], [ 368695.449271448072977, 3910838.780551431700587 ] ] ] } },
{ "type": "Feature", "properties": { "element": "way", "id": 53625054, "amenity": null, "religion": "buddhist", "name": "僧堂" }, "geometry": { "type": "Polygon", "coordinates": [ [ [ 368675.743916755833197, 3910670.786653068847954 ], [ 368666.608351527713239, 3910664.629753476940095 ], [ 368678.33274885994615, 3910646.331515416968614 ], [ 368684.085123670985922, 3910649.908551709260792 ], [ 368685.669014542479999, 3910648.177009684499353 ], [ 368709.704038758471143, 3910663.61289593251422 ], [ 368702.019232282880694, 3910676.516076957341284 ], [ 368684.203190289321356, 3910665.482473902404308 ], [ 368685.454525624634698, 3910663.389688142109662 ], [ 368682.211683466797695, 3910661.706361262593418 ], [ 368675.743916755833197, 3910670.786653068847954 ] ] ] } },
{ "type": "Feature", "properties": { "element": "way", "id": 53625056, "amenity": null, "religion": "buddhist", "name": "昭堂" }, "geometry": { "type": "Polygon", "coordinates": [ [ [ 368713.75666396995075, 3910667.83598889131099 ], [ 368717.52162303874502, 3910660.437015688512474 ], [ 368721.242597745032981, 3910653.138529642019421 ], [ 368734.912520034355111, 3910659.772963942494243 ], [ 368727.999679469445255, 3910674.495336131658405 ], [ 368713.75666396995075, 3910667.83598889131099 ] ] ] } },
{ "type": "Feature", "properties": { "element": "way", "id": 53625057, "amenity": null, "religion": "buddhist", "name": "大徹堂" }, "geometry": { "type": "Polygon", "coordinates": [ [ [ 368695.684679159254301, 3910639.877013207878917 ], [ 368702.420054524438456, 3910629.195333459414542 ], [ 368717.193003760650754, 3910637.278033023234457 ], [ 368711.896282450878061, 3910648.737472416833043 ], [ 368695.684679159254301, 3910639.877013207878917 ] ] ] } },
{ "type": "Feature", "properties": { "element": "way", "id": 53625058, "amenity": null, "religion": "buddhist", "name": "仏殿" }, "geometry": { "type": "Polygon", "coordinates": [ [ [ 368628.865462169982493, 3910739.652886355295777 ], [ 368639.080819552647881, 3910726.35770972026512 ], [ 368652.181666012853384, 3910736.361732027493417 ], [ 368642.29381033743266, 3910750.295553577132523 ], [ 368628.865462169982493, 3910739.652886355295777 ] ] ] } },
{ "type": "Feature", "properties": { "element": "way", "id": 53625128, "amenity": null, "religion": "buddhist", "name": "天源院" }, "geometry": { "type": "Polygon", "coordinates": [ [ [ 368658.246459024143405, 3910940.187803860288113 ], [ 368658.067667850875296, 3910927.310545563232154 ], [ 368665.109710042830557, 3910927.074678245931864 ], [ 368665.122628178971354, 3910928.583242424298078 ], [ 368668.221009758301079, 3910928.471476727165282 ], [ 368670.692411470750812, 3910928.37995273526758 ], [ 368670.962382256286219, 3910930.683518177829683 ], [ 368677.363984288647771, 3910930.168565612751991 ], [ 368677.526729572447948, 3910941.947774089407176 ], [ 368670.954090720100794, 3910941.954908747226 ], [ 368670.788839498476591, 3910946.206233269535005 ], [ 368664.681845796934795, 3910946.350798414554447 ], [ 368664.414005429018289, 3910939.831569471396506 ], [ 368658.246459024143405, 3910940.187803860288113 ] ] ] } },
{ "type": "Feature", "properties": { "element": "way", "id": 53625129, "amenity": null, "religion": "buddhist", "name": "正統院" }, "geometry": { "type": "Polygon", "coordinates": [ [ [ 368773.698597035079729, 3910913.188100609462708 ], [ 368763.027523164986633, 3910905.822090408299118 ], [ 368767.159299104823731, 3910899.893255568575114 ], [ 368771.300007992773317, 3910893.953198933508247 ], [ 368783.339419571158942, 3910902.264431239571422 ], [ 368780.418844399624504, 3910906.467163596767932 ], [ 368779.693374051479623, 3910905.967425359878689 ], [ 368777.645256753603462, 3910908.903846095781773 ], [ 368779.840168632916175, 3910910.424978311639279 ], [ 368777.507185764843598, 3910913.776020757388324 ], [ 368774.660324645170476, 3910911.809548384044319 ], [ 368773.698597035079729, 3910913.188100609462708 ] ] ] } },
{ "type": "Feature", "properties": { "element": "way", "id": 53625130, "amenity": null, "religion": "buddhist", "name": "宝珠院" }, "geometry": { "type": "Polygon", "coordinates": [ [ [ 368626.380549430381507, 3910847.84230395546183 ], [ 368623.261868488916662, 3910843.450308348517865 ], [ 368621.198918008594774, 3910844.745104409754276 ], [ 368609.886249851319008, 3910827.692675108090043 ], [ 368621.102511566481553, 3910820.073966500815004 ], [ 368628.819643391296268, 3910832.452932237181813 ], [ 368626.102896359981969, 3910834.422894082497805 ], [ 368628.578568684868515, 3910837.737084673717618 ], [ 368631.914345434866846, 3910835.824652849696577 ], [ 368630.761399709328543, 3910834.066474322229624 ], [ 368638.902532596606761, 3910828.777979762293398 ], [ 368643.130974130472168, 3910835.084103344473988 ], [ 368636.556134582555387, 3910839.306924189906567 ], [ 368637.157096845563501, 3910840.618313431739807 ], [ 368626.380549430381507, 3910847.84230395546183 ] ] ] } },
{ "type": "Feature", "properties": { "element": "way", "id": 53625131, "amenity": null, "religion": "buddhist", "name": "龍峰院" }, "geometry": { "type": "Polygon", "coordinates": [ [ [ 368624.585159662005026, 3910916.68316543335095 ], [ 368620.911656154436059, 3910910.402233243919909 ], [ 368624.110096916090697, 3910908.425238758791238 ], [ 368619.597994653158821, 3910901.368887680117041 ], [ 368614.192001696210355, 3910904.698261391371489 ], [ 368610.822124436846934, 3910899.28930948395282 ], [ 368615.812937323411461, 3910896.16568119218573 ], [ 368612.58522160013672, 3910891.154029571451247 ], [ 368625.662717591272667, 3910883.37503268988803 ], [ 368631.009160180343315, 3910892.160933193285018 ], [ 368635.599472739908379, 3910899.593336606398225 ], [ 368633.273437372408807, 3910900.925250900909305 ], [ 368638.700531258713454, 3910909.632322103716433 ], [ 368631.747410014620982, 3910914.093638605903834 ], [ 368630.930095016956329, 3910912.907438499853015 ], [ 368624.585159662005026, 3910916.68316543335095 ] ] ] } },
{ "type": "Feature", "properties": { "element": "way", "id": 53625162, "amenity": null, "religion": "buddhist", "name": "回春院" }, "geometry": { "type": "Polygon", "coordinates": [ [ [ 368953.586523326463066, 3910896.06808324623853 ], [ 368953.518108401622158, 3910880.127355657983571 ], [ 368956.399821807746775, 3910880.118687800597399 ], [ 368959.208661326905712, 3910880.099987903609872 ], [ 368959.222839751688298, 3910883.572126172948629 ], [ 368964.767965609382372, 3910883.546878751832992 ], [ 368964.748396384355146, 3910878.455131160095334 ], [ 368971.820808840508107, 3910878.429844804108143 ], [ 368978.438607087242417, 3910878.400086872279644 ], [ 368978.497874261112884, 3910892.466101728379726 ], [ 368970.107401138229761, 3910892.499474349897355 ], [ 368970.121898500772659, 3910895.993795384187251 ], [ 368953.586523326463066, 3910896.06808324623853 ] ] ] } },
{ "type": "Feature", "properties": { "element": "way", "id": 53625185, "amenity": null, "religion": "buddhist", "name": "半僧坊大権現" }, "geometry": { "type": "Polygon", "coordinates": [ [ [ 369010.277969212038442, 3911099.123968575149775 ], [ 369003.344153327401727, 3911089.295961568132043 ], [ 369004.973092267056927, 3911088.162880938965827 ], [ 369007.015760332928039, 3911086.724248580168933 ], [ 369013.054171133844648, 3911082.49840822070837 ], [ 369017.37372495199088, 3911079.47352100443095 ], [ 369024.307693377078976, 3911089.312629855237901 ], [ 369010.277969212038442, 3911099.123968575149775 ] ] ] } },
{ "type": "Feature", "properties": { "element": "way", "id": 53625186, "amenity": null, "religion": "buddhist", "name": null }, "geometry": { "type": "Polygon", "coordinates": [ [ [ 369007.153042713354807, 3911111.150697361677885 ], [ 368997.142017153964844, 3911097.262786921579391 ], [ 369001.379759092407767, 3911094.239082067273557 ], [ 369004.609722916851752, 3911091.928951500914991 ], [ 369014.620580654358491, 3911105.805778566747904 ], [ 369007.153042713354807, 3911111.150697361677885 ] ] ] } },
{ "type": "Feature", "properties": { "element": "way", "id": 53787674, "amenity": null, "religion": "buddhist", "name": "本堂" }, "geometry": { "type": "Polygon", "coordinates": [ [ [ 368366.959976579179056, 3911146.959551473148167 ], [ 368365.478311803308316, 3911150.076386113185436 ], [ 368350.347632026299834, 3911142.986858895979822 ], [ 368347.171430955990218, 3911141.50236970372498 ], [ 368344.983795463747811, 3911140.48045574920252 ], [ 368339.615659417933784, 3911150.110725590027869 ], [ 368330.733008314622566, 3911145.692199043929577 ], [ 368336.174180393922143, 3911134.840538400691003 ], [ 368337.163234741077758, 3911135.336385963484645 ], [ 368339.000820399378426, 3911131.692932329606265 ], [ 368344.000624718959443, 3911134.17137517221272 ], [ 368347.7900649207877, 3911126.616549214813858 ], [ 368352.460238737403415, 3911128.933410968165845 ], [ 368351.59451569954399, 3911130.654515948146582 ], [ 368356.777552936342545, 3911133.230130033101887 ], [ 368358.394252463302109, 3911130.022568906191736 ], [ 368371.575075833010487, 3911136.807809125166386 ], [ 368366.959976579179056, 3911146.959551473148167 ] ] ] } },
{ "type": "Feature", "properties": { "element": "way", "id": 54014079, "amenity": "place_of_worship", "religion": null, "name": "自動車祈祷所" }, "geometry": { "type": "Polygon", "coordinates": [ [ [ 368719.08600013772957, 3910197.837779863271862 ], [ 368717.309686048305593, 3910196.354927954263985 ], [ 368716.094961546710692, 3910195.352013441268355 ], [ 368715.358725544880144, 3910194.741497717797756 ], [ 368711.876224831212312, 3910191.597273031715304 ], [ 368704.448156534635928, 3910184.727610617876053 ], [ 368700.60370766709093, 3910181.07835502224043 ], [ 368696.285196990589611, 3910176.093669533729553 ], [ 368695.73935802152846, 3910175.447097611613572 ], [ 368695.054746330075432, 3910174.636143044568598 ], [ 368693.428421087388415, 3910172.840483187232167 ], [ 368697.003807905362919, 3910169.26053144549951 ], [ 368704.848987166653387, 3910177.300044261384755 ], [ 368713.700461165164597, 3910186.389891519211233 ], [ 368719.727277709229384, 3910192.558897067327052 ], [ 368720.576471603475511, 3910193.434016338083893 ], [ 368721.222618374740705, 3910194.101314712781459 ], [ 368722.459402904030867, 3910195.370158360339701 ], [ 368719.08600013772957, 3910197.837779863271862 ] ] ] } },
{ "type": "Feature", "properties": { "element": "way", "id": 54028634, "amenity": null, "religion": "buddhist", "name": "妙高院" }, "geometry": { "type": "Polygon", "coordinates": [ [ [ 368567.657231684133876, 3910658.241592784412205 ], [ 368576.554859221330844, 3910643.734176120255142 ], [ 368593.342583968071267, 3910653.4402369200252 ], [ 368584.948227967135608, 3910668.79451040038839 ], [ 368567.657231684133876, 3910658.241592784412205 ] ] ] } },
{ "type": "Feature", "properties": { "element": "way", "id": 166812875, "amenity": "grave_yard", "religion": "buddhist", "name": null }, "geometry": { "type": "Polygon", "coordinates": [ [ [ 368893.585978013463318, 3909230.040394417475909 ], [ 368885.546909357188269, 3909241.828015397768468 ], [ 368881.71257292968221, 3909256.383335206191987 ], [ 368883.714710172615014, 3909267.747449308168143 ], [ 368892.220210597501136, 3909277.38611906580627 ], [ 368903.238325457787141, 3909278.490428920835257 ], [ 368912.900899556814693, 3909278.294326868839562 ], [ 368919.945295518904459, 3909275.007906431332231 ], [ 368921.933111561345868, 3909266.647588802967221 ], [ 368917.719570493907668, 3909257.024085135664791 ], [ 368911.131139245117083, 3909246.658586024772376 ], [ 368906.773552190454211, 3909231.512507189065218 ], [ 368901.7472231752472, 3909227.270203683990985 ], [ 368893.585978013463318, 3909230.040394417475909 ] ] ] } },
{ "type": "Feature", "properties": { "element": "way", "id": 167408517, "amenity": "place_of_worship", "religion": "buddhist", "name": "宝戒寺" }, "geometry": { "type": "Polygon", "coordinates": [ [ [ 368969.046095624915324, 3909726.906496442388743 ], [ 368964.354728453967255, 3909721.294765297789127 ], [ 368970.476314210682176, 3909715.847423581406474 ], [ 368969.104494940547738, 3909714.048011091072112 ], [ 368974.398017078754492, 3909709.17850091913715 ], [ 368963.868226410297211, 3909696.607195971533656 ], [ 368955.046563677315135, 3909703.325235128868371 ], [ 368955.784814453392755, 3909705.32245826954022 ], [ 368954.363728177559096, 3909706.385947796981782 ], [ 368951.778977161215153, 3909704.959187125787139 ], [ 368948.235947214299813, 3909708.283396061044186 ], [ 368946.598355613125023, 3909706.964884842280298 ], [ 368942.595438905176707, 3909710.550944399088621 ], [ 368942.793223080923781, 3909711.64634571922943 ], [ 368941.318727789912373, 3909712.788270805031061 ], [ 368943.823610613704659, 3909716.224156519863755 ], [ 368938.355508339882363, 3909720.341852399520576 ], [ 368934.164795806223992, 3909717.895657863467932 ], [ 368930.788589563569985, 3909713.939956676214933 ], [ 368916.12441614898853, 3909726.533999846782535 ], [ 368918.737419281620532, 3909729.901742733083665 ], [ 368916.287595444184262, 3909732.122867199592292 ], [ 368922.711193676514085, 3909739.306859447620809 ], [ 368925.251707602408715, 3909737.694572131615132 ], [ 368929.062623437785078, 3909741.533006832469255 ], [ 368943.079769140691496, 3909728.837462808005512 ], [ 368941.399091282626614, 3909726.432393729686737 ], [ 368947.987005316826981, 3909721.166842995211482 ], [ 368959.35024305206025, 3909734.779906728304923 ], [ 368969.046095624915324, 3909726.906496442388743 ] ] ] } },
{ "type": "Feature", "properties": { "element": "way", "id": 167408638, "amenity": "place_of_worship", "religion": "buddhist", "name": "本覚寺" }, "geometry": { "type": "Polygon", "coordinates": [ [ [ 368405.109827491280157, 3909249.932726258412004 ], [ 368423.045328648120631, 3909243.413827219977975 ], [ 368435.771328356931917, 3909238.801526157185435 ], [ 368450.559334917692468, 3909233.426940187811852 ], [ 368489.207417013938539, 3909219.394755850080401 ], [ 368482.366515856236219, 3909194.888703860342503 ], [ 368482.419128423964139, 3909189.773717291653156 ], [ 368482.484092652564868, 3909184.259175451938063 ], [ 368484.046292340208311, 3909182.894021939486265 ], [ 368487.018093167804182, 3909180.299068827182055 ], [ 368456.420187049894594, 3909129.182122227270156 ], [ 368367.667511160369031, 3909174.110427347011864 ], [ 368405.109827491280157, 3909249.932726258412004 ] ] ] } },
{ "type": "Feature", "properties": { "element": "way", "id": 189215821, "amenity": "place_of_worship", "religion": "christian", "name": "鎌倉雪之下教会" }, "geometry": { "type": "Polygon", "coordinates": [ [ [ 368476.636702638294082, 3909428.917400747537613 ], [ 368460.622017216752283, 3909437.438313085585833 ], [ 368452.041372512234375, 3909421.433316868264228 ], [ 368455.072952108632307, 3909419.824819465633482 ], [ 368452.455836168956012, 3909414.948510590009391 ], [ 368456.777484683087096, 3909412.644452627748251 ], [ 368458.805533743929118, 3909416.408896775916219 ], [ 368457.091451901942492, 3909417.332525182981044 ], [ 368457.699022209679242, 3909418.466308232862502 ], [ 368468.065656295395456, 3909412.945531475357711 ], [ 368476.636702638294082, 3909428.917400747537613 ] ] ] } },
{ "type": "Feature", "properties": { "element": "way", "id": 191655804, "amenity": "place_of_worship", "religion": "buddhist", "name": "別願寺" }, "geometry": { "type": "Polygon", "coordinates": [ [ [ 368658.692609954276122, 3908867.524507500231266 ], [ 368647.961568292113952, 3908846.85803430667147 ], [ 368621.827493087796029, 3908860.52943441644311 ], [ 368637.004207298974507, 3908885.501980060245842 ], [ 368658.692609954276122, 3908867.524507500231266 ] ] ] } },
{ "type": "Feature", "properties": { "element": "way", "id": 191655808, "amenity": "place_of_worship", "religion": "buddhist", "name": "安養院" }, "geometry": { "type": "Polygon", "coordinates": [ [ [ 368721.984299974690657, 3908838.490416037850082 ], [ 368711.927391789795365, 3908826.012315211817622 ], [ 368694.359695129329339, 3908808.551675472874194 ], [ 368685.070590428658761, 3908798.846937316935509 ], [ 368639.270869026251603, 3908827.681661344598979 ], [ 368657.273631687101442, 3908858.137710025999695 ], [ 368666.226858099340461, 3908861.645918866153806 ], [ 368681.959659080835991, 3908853.040791801176965 ], [ 368700.082947985094506, 3908849.980997855775058 ], [ 368713.088114243291784, 3908847.006924650166184 ], [ 368721.984299974690657, 3908838.490416037850082 ] ] ] } },
{ "type": "Feature", "properties": { "element": "way", "id": 191657576, "amenity": "place_of_worship", "religion": "buddhist", "name": "上行寺" }, "geometry": { "type": "Polygon", "coordinates": [ [ [ 368617.211155639961362, 3908832.673827826976776 ], [ 368646.731634678610135, 3908812.396642934065312 ], [ 368634.803021895466372, 3908780.698286111000925 ], [ 368604.899298795498908, 3908795.278915434144437 ], [ 368617.211155639961362, 3908832.673827826976776 ] ] ] } },
{ "type": "Feature", "properties": { "element": "way", "id": 191657922, "amenity": "place_of_worship", "religion": "shinto", "name": "八雲神社" }, "geometry": { "type": "Polygon", "coordinates": [ [ [ 368568.749557766830549, 3908953.259696659632027 ], [ 368589.113737302075606, 3908952.984783032443374 ], [ 368589.301855735771824, 3908967.126556424889714 ], [ 368620.502627049805596, 3908966.704725025687367 ], [ 368620.181974334991537, 3908942.225522758904845 ], [ 368630.527713213581592, 3908942.0857322528027 ], [ 368630.449619741062634, 3908936.107347 ], [ 368600.712236434104852, 3908936.496699165552855 ], [ 368600.810735074745025, 3908943.872598426416516 ], [ 368568.62789102003444, 3908944.297729685436934 ], [ 368568.749557766830549, 3908953.259696659632027 ] ] ] } },
{ "type": "Feature", "properties": { "element": "way", "id": 191661436, "amenity": "place_of_worship", "religion": "buddhist", "name": "常栄寺(ぼたもち寺)" }, "geometry": { "type": "Polygon", "coordinates": [ [ [ 368565.97614869941026, 3909006.84965030523017 ], [ 368606.798933503916487, 3909009.049715950619429 ], [ 368603.114551856648177, 3909024.512663559988141 ], [ 368599.058164493413642, 3909038.782916310243309 ], [ 368593.16503748903051, 3909044.327005069702864 ], [ 368565.343819153436925, 3909043.279631022829562 ], [ 368564.343941560713574, 3909033.332040250301361 ], [ 368565.803927807370201, 3909024.335899970494211 ], [ 368565.97614869941026, 3909006.84965030523017 ] ] ] } },
{ "type": "Feature", "properties": { "element": "way", "id": 192931041, "amenity": "place_of_worship", "religion": "buddhist", "name": "月影地蔵堂" }, "geometry": { "type": "Polygon", "coordinates": [ [ [ 366033.028817285434343, 3908621.476626958698034 ], [ 366034.520321685820818, 3908615.985169137828052 ], [ 366041.002444260113407, 3908617.719270403962582 ], [ 366039.510936309292447, 3908623.210727058816701 ], [ 366033.028817285434343, 3908621.476626958698034 ] ] ] } },
{ "type": "Feature", "properties": { "element": "way", "id": 194756857, "amenity": "place_of_worship", "religion": "buddhist", "name": "大巧寺" }, "geometry": { "type": "Polygon", "coordinates": [ [ [ 368435.132883452286478, 3909322.08056340040639 ], [ 368452.375281264190562, 3909314.806371975690126 ], [ 368454.505111545324326, 3909319.312610525637865 ], [ 368456.876330386381596, 3909318.55688528995961 ], [ 368459.237272074446082, 3909324.568499891553074 ], [ 368453.644186670251656, 3909326.979873910546303 ], [ 368454.778475933882874, 3909329.936433353461325 ], [ 368441.128433350124396, 3909334.772991784848273 ], [ 368435.132883452286478, 3909322.08056340040639 ] ] ] } },
{ "type": "Feature", "properties": { "element": "way", "id": 200204492, "amenity": "place_of_worship", "religion": "shinto", "name": null }, "geometry": { "type": "Polygon", "coordinates": [ [ [ 367005.808104523457587, 3908456.032415688503534 ], [ 367004.654956279904582, 3908423.500182208605111 ], [ 367019.450823209655937, 3908422.926782989874482 ], [ 367020.808352262305561, 3908455.755532355513424 ], [ 367005.808104523457587, 3908456.032415688503534 ] ] ] } },
{ "type": "Feature", "properties": { "element": "way", "id": 377290579, "amenity": "place_of_worship", "religion": "shinto", "name": "五所神社" }, "geometry": { "type": "Polygon", "coordinates": [ [ [ 368646.086525256047025, 3908245.494317447301 ], [ 368657.225760943081696, 3908241.094128604047 ], [ 368645.172025921405293, 3908212.082260031253099 ], [ 368631.802908641053364, 3908218.223407078534365 ], [ 368646.086525256047025, 3908245.494317447301 ] ] ] } },
{ "type": "Feature", "properties": { "element": "way", "id": 377290580, "amenity": "place_of_worship", "religion": "shinto", "name": "八幡宮" }, "geometry": { "type": "Polygon", "coordinates": [ [ [ 368866.313311718287878, 3906915.901403437368572 ], [ 368887.580630304466467, 3906921.127789822872728 ], [ 368889.92973584291758, 3906910.67664884403348 ], [ 368863.971502529922873, 3906905.596153256483376 ], [ 368866.313311718287878, 3906915.901403437368572 ] ] ] } },
{ "type": "Feature", "properties": { "element": "way", "id": 377290582, "amenity": "place_of_worship", "religion": "shinto", "name": "天照大神社" }, "geometry": { "type": "Polygon", "coordinates": [ [ [ 368966.898253657738678, 3906914.272287379018962 ], [ 368967.592602067743428, 3906956.407099527306855 ], [ 368949.939870604895987, 3906954.567020827904344 ], [ 368937.644430743879639, 3906943.996005374006927 ], [ 368955.318805509305093, 3906918.545282242354006 ], [ 368966.898253657738678, 3906914.272287379018962 ] ] ] } },
{ "type": "Feature", "properties": { "element": "way", "id": 377290583, "amenity": null, "religion": "shinto", "name": null }, "geometry": { "type": "Polygon", "coordinates": [ [ [ 369057.239068786147982, 3906782.819571375846863 ], [ 369055.766308277845383, 3906778.481149629224092 ], [ 369051.557632380630821, 3906779.895714197307825 ], [ 369053.030394751753192, 3906784.234135318081826 ], [ 369057.239068786147982, 3906782.819571375846863 ] ] ] } },
{ "type": "Feature", "properties": { "element": "way", "id": 377290590, "amenity": "place_of_worship", "religion": "shinto", "name": "披露山神社" }, "geometry": { "type": "Polygon", "coordinates": [ [ [ 369473.593622825399507, 3906928.509230663068593 ], [ 369486.910330608487129, 3906935.538380294572562 ], [ 369493.037458832317498, 3906924.034296467434615 ], [ 369479.729832793003879, 3906917.005005892366171 ], [ 369473.593622825399507, 3906928.509230663068593 ] ] ] } },
{ "type": "Feature", "properties": { "element": "way", "id": 377290592, "amenity": "place_of_worship", "religion": "shinto", "name": "新宿稲荷神社" }, "geometry": { "type": "Polygon", "coordinates": [ [ [ 369864.383572784427088, 3906755.2230234015733 ], [ 369852.911314872442745, 3906731.681551312562078 ], [ 369838.490582878643181, 3906734.485669952817261 ], [ 369845.879368482565042, 3906751.740523774176836 ], [ 369864.383572784427088, 3906755.2230234015733 ] ] ] } },
{ "type": "Feature", "properties": { "element": "way", "id": 377290597, "amenity": "place_of_worship", "religion": "shinto", "name": "諏訪神社" }, "geometry": { "type": "Polygon", "coordinates": [ [ [ 369051.154489821521565, 3906790.961966321803629 ], [ 369060.839631808223203, 3906787.127085832878947 ], [ 369055.19600869884016, 3906773.031344930175692 ], [ 369045.519946554908529, 3906776.866098936181515 ], [ 369051.154489821521565, 3906790.961966321803629 ] ] ] } },
{ "type": "Feature", "properties": { "element": "way", "id": 377290632, "amenity": "place_of_worship", "religion": "shinto", "name": "須賀神社" }, "geometry": { "type": "Polygon", "coordinates": [ [ [ 368888.478615506435744, 3907127.923293144442141 ], [ 368893.583656287286431, 3907123.744369902648032 ], [ 368883.683728604984935, 3907110.908756605349481 ], [ 368877.803902615443803, 3907116.219419147819281 ], [ 368888.478615506435744, 3907127.923293144442141 ] ] ] } },
{ "type": "Feature", "properties": { "element": "way", "id": 377295117, "amenity": "place_of_worship", "religion": "shinto", "name": "由比若宮(元八幡)" }, "geometry": { "type": "Polygon", "coordinates": [ [ [ 368420.428781417547725, 3908698.871023351792246 ], [ 368433.317244332982227, 3908689.763417406007648 ], [ 368418.661687130923383, 3908666.913570079952478 ], [ 368403.870369785290677, 3908675.860397917218506 ], [ 368420.428781417547725, 3908698.871023351792246 ] ] ] } },
{ "type": "Feature", "properties": { "element": "way", "id": 377295125, "amenity": "place_of_worship", "religion": "shinto", "name": "蛭子神社" }, "geometry": { "type": "Polygon", "coordinates": [ [ [ 368577.667754180845805, 3909363.808868625201285 ], [ 368588.862278745684307, 3909357.688188510481268 ], [ 368602.578033253201284, 3909347.381680384743959 ], [ 368584.967047571670264, 3909330.642999629490077 ], [ 368562.360851499019191, 3909340.469112849328667 ], [ 368577.667754180845805, 3909363.808868625201285 ] ] ] } },
{ "type": "Feature", "properties": { "element": "way", "id": 390566747, "amenity": null, "religion": "shinto", "name": null }, "geometry": { "type": "Polygon", "coordinates": [ [ [ 366599.285121992463246, 3908537.99091717088595 ], [ 366611.561475990805775, 3908523.875287340953946 ], [ 366606.311334006837569, 3908519.360171148553491 ], [ 366594.03498134232359, 3908533.475808097515255 ], [ 366599.285121992463246, 3908537.99091717088595 ] ] ] } },
{ "type": "Feature", "properties": { "element": "way", "id": 390566748, "amenity": "place_of_worship", "religion": "shinto", "name": "御霊神社" }, "geometry": { "type": "Polygon", "coordinates": [ [ [ 366623.598782518878579, 3908565.476471095345914 ], [ 366667.027518542250618, 3908502.697060821577907 ], [ 366591.9601931697689, 3908498.372340831439942 ], [ 366571.666296280222014, 3908535.404575812164694 ], [ 366623.598782518878579, 3908565.476471095345914 ] ] ] } },
{ "type": "Feature", "properties": { "element": "way", "id": 390566751, "amenity": "place_of_worship", "religion": "shinto", "name": "熊野神社" }, "geometry": { "type": "Polygon", "coordinates": [ [ [ 366445.200403411174193, 3908553.61967513943091 ], [ 366451.199960384285077, 3908559.610167058650404 ], [ 366473.182949273963459, 3908535.343805945012718 ], [ 366445.579142858448904, 3908513.531988052185625 ], [ 366436.919850281963591, 3908522.579811359290034 ], [ 366437.663191294996068, 3908539.597848534584045 ], [ 366445.200403411174193, 3908553.61967513943091 ] ] ] } },
{ "type": "Feature", "properties": { "element": "way", "id": 454491904, "amenity": "place_of_worship", "religion": "shinto", "name": "大倉稲荷社" }, "geometry": { "type": "Polygon", "coordinates": [ [ [ 369221.713932857732289, 3909717.342998059466481 ], [ 369217.453528773214202, 3909713.222535608336329 ], [ 369221.453326949151233, 3909709.414773710537702 ], [ 369225.506266368494835, 3909713.649187867995352 ], [ 369221.713932857732289, 3909717.342998059466481 ] ] ] } },
{ "type": "Feature", "properties": { "element": "way", "id": 455185161, "amenity": "place_of_worship", "religion": "shinto", "name": "旗上弁財天社" }, "geometry": { "type": "Polygon", "coordinates": [ [ [ 368744.258018669497687, 3909923.200024577789009 ], [ 368743.691799092572182, 3909921.155934333335608 ], [ 368743.06796745833708, 3909918.901902656070888 ], [ 368749.17088196799159, 3909917.182168567087501 ], [ 368750.456195418606512, 3909921.77843389287591 ], [ 368744.258018669497687, 3909923.200024577789009 ] ] ] } },
{ "type": "Feature", "properties": { "element": "way", "id": 490003820, "amenity": null, "religion": "buddhist", "name": "高徳院" }, "geometry": { "type": "Polygon", "coordinates": [ [ [ 366870.655436891596764, 3909154.720985693857074 ], [ 366877.017053601681255, 3909189.561451510060579 ], [ 366936.37079645099584, 3909178.822014882229269 ], [ 366934.312937679758761, 3909167.547800197266042 ], [ 366930.050730082497466, 3909168.320771969854832 ], [ 366925.870176810654812, 3909169.081445605028421 ], [ 366923.624501509591937, 3909156.789375017397106 ], [ 366919.053856050479226, 3909157.611284025013447 ], [ 366916.986222364939749, 3909157.985741587821394 ], [ 366914.691801150911488, 3909145.472516330424696 ], [ 366911.227613532973919, 3909146.100579845253378 ], [ 366907.391520456061698, 3909146.789609094150364 ], [ 366912.536661826597992, 3909175.002861878834665 ], [ 366883.054815811628941, 3909180.341992221772671 ], [ 366878.127941531944089, 3909153.368035819381475 ], [ 366870.655436891596764, 3909154.720985693857074 ] ] ] } },
{ "type": "Feature", "properties": { "element": "way", "id": 549825989, "amenity": "place_of_worship", "religion": "shinto", "name": "鎌倉宮" }, "geometry": { "type": "Polygon", "coordinates": [ [ [ 369750.667470344342291, 3910200.184909780044109 ], [ 369775.39062977314461, 3910174.622433968354017 ], [ 369806.707423504674807, 3910183.155462819617242 ], [ 369813.13469681882998, 3910161.74045091541484 ], [ 369761.762570670864079, 3910121.214794415514916 ], [ 369725.975272833078634, 3910084.601875311695039 ], [ 369689.676296584308147, 3910053.487873781938106 ], [ 369652.71000873669982, 3910102.535663266666234 ], [ 369663.668052101158537, 3910115.900266451295465 ], [ 369680.398999549506698, 3910140.552373755257577 ], [ 369725.568356868228875, 3910180.901069834362715 ], [ 369750.667470344342291, 3910200.184909780044109 ] ] ] } },
{ "type": "Feature", "properties": { "element": "way", "id": 556197964, "amenity": "place_of_worship", "religion": "shinto", "name": "荏柄天神社" }, "geometry": { "type": "Polygon", "coordinates": [ [ [ 369500.693736703367904, 3910139.993312216829509 ], [ 369517.704557431454305, 3910135.619933228008449 ], [ 369531.819362727575935, 3910116.478446197230369 ], [ 369525.829627690487541, 3910082.085987216793001 ], [ 369492.507092999236193, 3910088.271051565650851 ], [ 369478.180905961082317, 3910100.981312250718474 ], [ 369471.401724430674221, 3910112.495009725913405 ], [ 369470.765462592302356, 3910127.558400643058121 ], [ 369484.559004423150327, 3910137.065456651616842 ], [ 369500.693736703367904, 3910139.993312216829509 ] ] ] } },
{ "type": "Feature", "properties": { "element": "way", "id": 592971949, "amenity": "place_of_worship", "religion": "buddhist", "name": "大殿（本堂）" }, "geometry": { "type": "Polygon", "coordinates": [ [ [ 368607.673351045465097, 3907613.601399230770767 ], [ 368580.639548906357959, 3907627.56319993827492 ], [ 368583.568263343477156, 3907633.200474561192095 ], [ 368579.704885713406838, 3907635.18711971398443 ], [ 368583.653128872276284, 3907642.76202084729448 ], [ 368586.721941793104634, 3907648.652408828493208 ], [ 368589.854173720115796, 3907647.042520518414676 ], [ 368593.390697150724009, 3907653.824681522790343 ], [ 368601.081235565419775, 3907649.863025903236121 ], [ 368619.079865750507452, 3907640.581422648392618 ], [ 368621.15590258478187, 3907639.5083480598405 ], [ 368607.673351045465097, 3907613.601399230770767 ] ] ] } },
{ "type": "Feature", "properties": { "element": "way", "id": 606025831, "amenity": "place_of_worship", "religion": "buddhist", "name": "高徳院" }, "geometry": { "type": "Polygon", "coordinates": [ [ [ 366983.516264187521301, 3909136.90099729783833 ], [ 366967.892901310580783, 3909128.156818305142224 ], [ 366940.616609693330247, 3909093.225852818693966 ], [ 366918.057074214331806, 3909056.294948058202863 ], [ 366906.960960691270884, 3909034.570761465001851 ], [ 366900.016450619150419, 3909015.048383413814008 ], [ 366865.082349132862873, 3909020.046547230798751 ], [ 366849.621681320597418, 3909013.718612019903958 ], [ 366847.837817179155536, 3909033.292317055631429 ], [ 366841.116806886973791, 3909056.577784672379494 ], [ 366828.823294261586852, 3909107.635859874077141 ], [ 366823.074670110130683, 3909123.4962884997949 ], [ 366824.902154591516592, 3909131.479019884951413 ], [ 366843.623864793742541, 3909168.965661048423499 ], [ 366857.634587567590643, 3909242.077720648609102 ], [ 366895.401628049323335, 3909239.944208418019116 ], [ 366897.404255700530484, 3909226.557636581826955 ], [ 366910.714431153552141, 3909211.062559361103922 ], [ 366919.82721766771283, 3909192.722934051416814 ], [ 366939.680075933923945, 3909191.098375910893083 ], [ 366948.511937756731641, 3909194.362624214962125 ], [ 366953.30722636502469, 3909197.0541558614932 ], [ 366957.988349878287409, 3909201.866298063192517 ], [ 366959.024115110747516, 3909196.270802066661417 ], [ 366960.726876225089654, 3909193.971416378393769 ], [ 366968.990016950294375, 3909195.668760432861745 ], [ 366983.516264187521301, 3909136.90099729783833 ] ] ] } },
{ "type": "Feature", "properties": { "element": "way", "id": 659018990, "amenity": "place_of_worship", "religion": "shinto", "name": "住吉大明神" }, "geometry": { "type": "Polygon", "coordinates": [ [ [ 368488.645345420809463, 3907244.50785879092291 ], [ 368485.317088513402268, 3907230.822403104044497 ], [ 368493.255957592569757, 3907228.898291821125895 ], [ 368496.584364690002985, 3907242.594841425772756 ], [ 368488.645345420809463, 3907244.50785879092291 ] ] ] } },
{ "type": "Feature", "properties": { "element": "way", "id": 671115692, "amenity": "place_of_worship", "religion": "buddhist", "name": "本堂" }, "geometry": { "type": "Polygon", "coordinates": [ [ [ 367796.100146086071618, 3911162.669796525966376 ], [ 367804.864232251478825, 3911172.614270443096757 ], [ 367814.189885699481238, 3911164.467579632997513 ], [ 367810.408717536367476, 3911160.174329928588122 ], [ 367805.42580283281859, 3911154.523096826393157 ], [ 367796.100146086071618, 3911162.669796525966376 ] ] ] } },
{ "type": "Feature", "properties": { "element": "way", "id": 684563304, "amenity": "place_of_worship", "religion": "shinto", "name": "白旗神社" }, "geometry": { "type": "Polygon", "coordinates": [ [ [ 368850.24198425875511, 3910094.807001649867743 ], [ 368858.850009702844545, 3910090.931945715099573 ], [ 368856.12118735088734, 3910085.225128558464348 ], [ 368854.900679832906462, 3910085.697747796773911 ], [ 368848.83450348750921, 3910088.060316959396005 ], [ 368847.632176404586062, 3910088.532672421075404 ], [ 368850.24198425875511, 3910094.807001649867743 ] ] ] } },
{ "type": "Feature", "properties": { "element": "way", "id": 684563317, "amenity": "place_of_worship", "religion": "shinto", "name": "本殿" }, "geometry": { "type": "Polygon", "coordinates": [ [ [ 368789.133320956956595, 3910181.962239203043282 ], [ 368807.716746052727103, 3910173.226929789874703 ], [ 368796.488823234161828, 3910149.538966192863882 ], [ 368793.517998636816628, 3910150.935692129656672 ], [ 368780.54211851733271, 3910157.037746821530163 ], [ 368779.602922904654406, 3910157.472996138967574 ], [ 368777.914447598799597, 3910158.274164902977645 ], [ 368789.133320956956595, 3910181.962239203043282 ] ] ] } },
{ "type": "Feature", "properties": { "element": "way", "id": 684563319, "amenity": null, "religion": "shinto", "name": null }, "geometry": { "type": "Polygon", "coordinates": [ [ [ 368776.605119653977454, 3910148.907933505252004 ], [ 368776.072539486456662, 3910149.170851201750338 ], [ 368764.482555454422254, 3910154.919919832609594 ], [ 368785.215879927680362, 3910196.385731647256762 ], [ 368821.023959552519955, 3910178.635397273581475 ], [ 368800.272264573141001, 3910137.147589800413698 ], [ 368788.447531984071247, 3910143.010984084103256 ], [ 368788.032310416805558, 3910143.216722154989839 ], [ 368791.515697669819929, 3910150.166118727065623 ], [ 368791.815298462752253, 3910150.76081552170217 ], [ 368797.231194617052097, 3910148.07486798800528 ], [ 368810.088488991372287, 3910173.76924891024828 ], [ 368788.172237415798008, 3910184.638744181953371 ], [ 368775.324144299840555, 3910158.955351698677987 ], [ 368776.660057317931205, 3910158.292445423081517 ], [ 368780.379025577800348, 3910156.452154808212072 ], [ 368780.032520540989935, 3910155.758298148401082 ], [ 368776.605119653977454, 3910148.907933505252004 ] ] ] } },
{ "type": "Feature", "properties": { "element": "way", "id": 684563337, "amenity": "place_of_worship", "religion": "shinto", "name": "祖霊社" }, "geometry": { "type": "Polygon", "coordinates": [ [ [ 368706.959760538826231, 3910128.767375053372234 ], [ 368710.460249285562895, 3910126.908053705003113 ], [ 368708.834147905465215, 3910123.880981094203889 ], [ 368705.333819976192899, 3910125.751394437160343 ], [ 368706.959760538826231, 3910128.767375053372234 ] ] ] } },
{ "type": "Feature", "properties": { "element": "way", "id": 694072326, "amenity": null, "religion": "buddhist", "name": "曼荼羅堂やぐら群" }, "geometry": { "type": "Polygon", "coordinates": [ [ [ 369524.123219628061634, 3908196.626733517739922 ], [ 369537.764884884294588, 3908195.452957518864423 ], [ 369549.322177775902674, 3908184.724444760475308 ], [ 369554.322547386167571, 3908172.082917908672243 ], [ 369557.436762466910295, 3908164.205699004698545 ], [ 369561.190335657971445, 3908145.214458719827235 ], [ 369549.352028799126856, 3908110.784675552509725 ], [ 369540.192743663094006, 3908093.067564070690423 ], [ 369526.374331370869186, 3908090.838130811229348 ], [ 369514.196295434783679, 3908091.990721472539008 ], [ 369509.435501912841573, 3908099.825238542631269 ], [ 369509.205211408610921, 3908109.668663664255291 ], [ 369516.816277290112339, 3908121.572892965283245 ], [ 369524.012738464400172, 3908129.966436748858541 ], [ 369524.003598442708608, 3908137.499174482189119 ], [ 369517.657059239805676, 3908145.722742446232587 ], [ 369510.816459588590078, 3908153.110351129435003 ], [ 369508.255657759844325, 3908161.523162946570665 ], [ 369507.812696667155251, 3908181.79772526351735 ], [ 369511.368373589008115, 3908191.220230439212173 ], [ 369517.886799293977674, 3908195.496739922091365 ], [ 369524.123219628061634, 3908196.626733517739922 ] ] ] } },
{ "type": "Feature", "properties": { "element": "way", "id": 695594773, "amenity": "place_of_worship", "religion": "buddhist", "name": "妙長寺" }, "geometry": { "type": "Polygon", "coordinates": [ [ [ 368569.080209912499413, 3908384.423588941805065 ], [ 368551.508547807112336, 3908362.403724376112223 ], [ 368518.119010607711971, 3908380.607616838533431 ], [ 368514.485102710779756, 3908373.993314803112298 ], [ 368496.528622193902265, 3908380.445688517764211 ], [ 368494.898766860365868, 3908377.185732268728316 ], [ 368470.903866572945844, 3908387.975197258871049 ], [ 368454.483570005977526, 3908390.644454531371593 ], [ 368457.219695838284679, 3908411.127919239457697 ], [ 368472.376852038840298, 3908409.142729394603521 ], [ 368476.021934053162113, 3908425.241996796801686 ], [ 368499.355741196661256, 3908423.991707982495427 ], [ 368501.411276508239098, 3908430.873103146906942 ], [ 368512.876350612496026, 3908427.011558887548745 ], [ 368508.764186967280693, 3908412.549875206314027 ], [ 368529.129795822664164, 3908404.187527288217098 ], [ 368527.419644807232544, 3908399.786082938313484 ], [ 368541.872052777325734, 3908391.254899767227471 ], [ 368569.080209912499413, 3908384.423588941805065 ] ] ] } },
{ "type": "Feature", "properties": { "element": "way", "id": 695594776, "amenity": "place_of_worship", "religion": "buddhist", "name": "九品寺" }, "geometry": { "type": "Polygon", "coordinates": [ [ [ 368327.476822425960563, 3908112.038838330190629 ], [ 368373.333356720395386, 3908070.08905266970396 ], [ 368374.984145655413158, 3908066.060099749825895 ], [ 368372.239977951860055, 3908061.851285495329648 ], [ 368357.945028358430136, 3908068.738546681590378 ], [ 368354.842524256790057, 3908064.901065850164741 ], [ 368348.992681787291076, 3908065.352626932319254 ], [ 368338.756213876826223, 3908057.481421607080847 ], [ 368329.09712034201948, 3908047.42741762753576 ], [ 368316.16026267700363, 3908055.149117823690176 ], [ 368312.582657236955129, 3908052.405780226923525 ], [ 368297.899253520183265, 3908057.601472805254161 ], [ 368290.694421104271896, 3908048.720854000654072 ], [ 368275.259996988810599, 3908069.103798620402813 ], [ 368282.341284924652427, 3908077.620117869228125 ], [ 368289.679076061584055, 3908070.712393983732909 ], [ 368327.476822425960563, 3908112.038838330190629 ] ] ] } },
{ "type": "Feature", "properties": { "element": "way", "id": 695594778, "amenity": null, "religion": "buddhist", "name": "光明寺" }, "geometry": { "type": "Polygon", "coordinates": [ [ [ 368502.466595703095663, 3907751.067270755767822 ], [ 368509.252453438472003, 3907748.061698467936367 ], [ 368520.63641610101331, 3907751.046216233167797 ], [ 368562.760023989249021, 3907729.187257193494588 ], [ 368571.087574812117964, 3907731.495326146949083 ], [ 368593.246467531542294, 3907737.484506248030812 ], [ 368615.325636467081495, 3907729.274944445118308 ], [ 368656.355963173089549, 3907691.035867880564183 ], [ 368609.142705435224343, 3907597.738151845522225 ], [ 368562.854616558703128, 3907618.448379640933126 ], [ 368551.223898155265488, 3907590.451067876536399 ], [ 368528.992738982487936, 3907596.366589982993901 ], [ 368530.271308377152309, 3907600.474801301956177 ], [ 368513.51220346102491, 3907605.578351764474064 ], [ 368514.24534899473656, 3907614.065444629173726 ], [ 368487.78345897665713, 3907622.339200252201408 ], [ 368503.257190875301603, 3907663.149079215247184 ], [ 368485.175892425701022, 3907669.248229110613465 ], [ 368459.115399448550306, 3907688.809631209820509 ], [ 368462.638492856640369, 3907696.534907560795546 ], [ 368455.263016870885622, 3907700.89146100403741 ], [ 368469.882886075531133, 3907716.220373597927392 ], [ 368477.812055891205091, 3907732.978201104328036 ], [ 368487.514588246413041, 3907729.796920667402446 ], [ 368502.466595703095663, 3907751.067270755767822 ] ] ] } },
{ "type": "Feature", "properties": { "element": "way", "id": 695597649, "amenity": "place_of_worship", "religion": "buddhist", "name": "光則寺" }, "geometry": { "type": "Polygon", "coordinates": [ [ [ 366607.350922476209234, 3908802.060231199488044 ], [ 366620.146023216133472, 3908759.747456561774015 ], [ 366620.64632822049316, 3908736.420793010853231 ], [ 366595.6668022867525, 3908696.486734657082707 ], [ 366535.091644538682885, 3908706.61402944335714 ], [ 366537.529810334555805, 3908739.837259280961007 ], [ 366543.614796595938969, 3908755.289591541048139 ], [ 366523.571881466777995, 3908768.699463565833867 ], [ 366511.552337224013172, 3908797.044842043425888 ], [ 366524.254436518182047, 3908831.336311648134142 ], [ 366538.212380295386538, 3908835.012356874998659 ], [ 366565.378552447713446, 3908824.90280727064237 ], [ 366575.829196306527592, 3908806.043792091310024 ], [ 366607.350922476209234, 3908802.060231199488044 ] ] ] } },
{ "type": "Feature", "properties": { "element": "way", "id": 695597656, "amenity": "place_of_worship", "religion": "buddhist", "name": "長谷寺" }, "geometry": { "type": "Polygon", "coordinates": [ [ [ 366742.738183947745711, 3908689.462062261532992 ], [ 366743.476920411223546, 3908669.937080554664135 ], [ 366744.842823378508911, 3908669.450935600791126 ], [ 366746.057927014888264, 3908628.030775546096265 ], [ 366709.383395743672736, 3908618.134012038353831 ], [ 366705.680241875583306, 3908614.916120429057628 ], [ 366694.735122246784158, 3908624.973768555093557 ], [ 366665.239233355387114, 3908634.396272749174386 ], [ 366647.847318146377802, 3908604.545016087591648 ], [ 366636.381236100220121, 3908604.592712013050914 ], [ 366602.066034103860147, 3908576.56739688757807 ], [ 366592.019192939274944, 3908581.575267650187016 ], [ 366577.673906663781963, 3908650.624995780177414 ], [ 366614.968390315189026, 3908682.122848138213158 ], [ 366627.279109720198903, 3908706.580004229210317 ], [ 366639.407051278627478, 3908726.680001446977258 ], [ 366655.063711146009155, 3908738.218805424403399 ], [ 366700.369618500000797, 3908750.727787348907441 ], [ 366702.945312895230018, 3908759.487088809721172 ], [ 366721.722177700838074, 3908755.137835756875575 ], [ 366721.667535003391095, 3908751.444396546110511 ], [ 366743.097694611293264, 3908747.577345682773739 ], [ 366744.613427567121107, 3908724.024900527670979 ], [ 366739.297858351259492, 3908719.377555361017585 ], [ 366740.074529506964609, 3908697.50011791056022 ], [ 366715.849119837861508, 3908691.912201871629804 ], [ 366716.830627905321307, 3908684.498092128895223 ], [ 366742.738183947745711, 3908689.462062261532992 ] ] ] } },
{ "type": "Feature", "properties": { "element": "way", "id": 695599052, "amenity": "place_of_worship", "religion": "buddhist", "name": "建長寺" }, "geometry": { "type": "Polygon", "coordinates": [ [ [ 369028.653275075426791, 3911159.927704232744873 ], [ 369071.299397619091906, 3911136.920106074772775 ], [ 369043.060148729244247, 3911044.198851147200912 ], [ 368973.148960171442013, 3910950.941468839067966 ], [ 369008.272446007584222, 3910919.445456406101584 ], [ 368996.294506031903438, 3910808.515846294350922 ], [ 368829.727100371848792, 3910839.008497879374772 ], [ 368756.905625797633547, 3910788.960889148991555 ], [ 368734.996046389103867, 3910709.771329167298973 ], [ 368763.224428642308339, 3910689.213517942931503 ], [ 368780.843371057417244, 3910643.072911286726594 ], [ 368808.895871392043773, 3910626.64469984266907 ], [ 368787.541516215540469, 3910588.6602503946051 ], [ 368753.881024446687661, 3910566.519619895610958 ], [ 368728.508199545089155, 3910582.17673714319244 ], [ 368684.467855343362316, 3910588.887272306717932 ], [ 368667.071254816139117, 3910583.560866482090205 ], [ 368642.849433727562428, 3910594.597531228326261 ], [ 368633.029137595556676, 3910623.140857506543398 ], [ 368613.505814342875965, 3910622.216532804537565 ], [ 368597.418683410738595, 3910605.699728327337652 ], [ 368562.3491556373192, 3910609.129310996737331 ], [ 368539.056626756675541, 3910633.986629201564938 ], [ 368523.515233268379234, 3910654.847994169220328 ], [ 368508.625552001991309, 3910653.723106203600764 ], [ 368484.054935671912972, 3910640.858226170763373 ], [ 368453.324501682596747, 3910699.205611851066351 ], [ 368466.732048517616931, 3910715.872252966277301 ], [ 368501.42722766532097, 3910686.843314770143479 ], [ 368532.267464301316068, 3910695.134794538840652 ], [ 368550.061199027230032, 3910702.762641042936593 ], [ 368578.598978554131463, 3910725.221357643138617 ], [ 368607.722202497418039, 3910752.297716535627842 ], [ 368612.226394807279576, 3910776.871241207700223 ], [ 368618.91491498646792, 3910784.173171832691878 ], [ 368581.631131149129942, 3910827.683541603852063 ], [ 368600.237867166055366, 3910857.398400073871017 ], [ 368635.726454420073424, 3910858.455783740617335 ], [ 368640.729483469913248, 3910866.758575249928981 ], [ 368598.722426384221762, 3910879.386188560631126 ], [ 368586.46394040127052, 3910891.579684776253998 ], [ 368614.622162456042133, 3910932.925633002072573 ], [ 368639.167760870594066, 3910918.600364604499191 ], [ 368650.287685438350309, 3910945.506906232796609 ], [ 368657.804506073705852, 3910959.120224094484001 ], [ 368658.940287773846649, 3910978.395719577558339 ], [ 368659.456125720054843, 3910988.827431594952941 ], [ 368701.166357559734024, 3910990.160370890516788 ], [ 368702.353741437895223, 3910929.460141039453447 ], [ 368701.338019491871819, 3910909.683674702886492 ], [ 368682.081241817562841, 3910893.335003076586872 ], [ 368673.192708685179241, 3910884.778247194364667 ], [ 368670.543116735701915, 3910873.279381617438048 ], [ 368689.049403360229917, 3910856.246738563291728 ], [ 368713.453172826091759, 3910870.82301674131304 ], [ 368719.132341397693381, 3910865.026905541773885 ], [ 368749.50093182711862, 3910848.509224347304553 ], [ 368763.408461998566054, 3910849.637719453778118 ], [ 368783.525651208707131, 3910861.403390089515597 ], [ 368815.882964441960212, 3910892.138557857368141 ], [ 368804.538389331661165, 3910922.146102709230036 ], [ 368876.684124617022462, 3911028.870814291294664 ], [ 368921.917476786067709, 3911073.640978338196874 ], [ 369028.653275075426791, 3911159.927704232744873 ] ] ] } },
{ "type": "Feature", "properties": { "element": "way", "id": 695600376, "amenity": "place_of_worship", "religion": "buddhist", "name": "明月院" }, "geometry": { "type": "Polygon", "coordinates": [ [ [ 368311.305394047871232, 3911253.763694456778467 ], [ 368305.357162339496426, 3911257.911049649585038 ], [ 368294.889604267315008, 3911237.11912165209651 ], [ 368285.251674241211731, 3911228.296362965833396 ], [ 368276.475691528525203, 3911217.497398319654167 ], [ 368275.698117012099829, 3911216.543617176823318 ], [ 368299.495024557108991, 3911206.432864089030772 ], [ 368305.859797666664235, 3911180.424639566335827 ], [ 368295.635155566793401, 3911137.097661502659321 ], [ 368303.325644160271622, 3911113.466301850043237 ], [ 368347.038850389362779, 3911094.522108783014119 ], [ 368389.509698189795017, 3911045.931515224743634 ], [ 368427.242142838076688, 3911033.243323196657002 ], [ 368442.799015727592632, 3911047.09396293759346 ], [ 368444.39026726456359, 3911097.503048679791391 ], [ 368475.250873379409313, 3911123.455284267663956 ], [ 368465.039212986943312, 3911141.931428126990795 ], [ 368423.239052879973315, 3911149.95298704970628 ], [ 368401.060476804268546, 3911185.588733387645334 ], [ 368369.088413905235939, 3911194.909066246822476 ], [ 368352.317119205486961, 3911233.516668696887791 ], [ 368318.158728978189174, 3911261.772993974387646 ], [ 368311.305394047871232, 3911253.763694456778467 ] ] ] } },
{ "type": "Feature", "properties": { "element": "way", "id": 704214347, "amenity": null, "religion": "shinto", "name": "七福神社" }, "geometry": { "type": "Polygon", "coordinates": [ [ [ 367519.179941228358075, 3910139.763506078161299 ], [ 367522.89670690218918, 3910139.642259823158383 ], [ 367522.806219611491542, 3910136.581697535701096 ], [ 367519.097237027948722, 3910136.614078721497208 ], [ 367519.179941228358075, 3910139.763506078161299 ] ] ] } },
{ "type": "Feature", "properties": { "element": "way", "id": 704214362, "amenity": "place_of_worship", "religion": "shinto", "name": "銭洗弁天 宇賀福神社" }, "geometry": { "type": "Polygon", "coordinates": [ [ [ 367465.621359732467681, 3910106.493635567836463 ], [ 367500.50559093686752, 3910104.560247180517763 ], [ 367522.669216714799404, 3910109.348392345476896 ], [ 367524.425484550883994, 3910123.666858964134008 ], [ 367527.683204071247019, 3910148.580019698943943 ], [ 367522.488100852759089, 3910161.924657019320875 ], [ 367515.553271096840035, 3910168.871574632823467 ], [ 367509.257379612594377, 3910172.281262369826436 ], [ 367500.698584257625043, 3910173.283612987492234 ], [ 367490.723018754040822, 3910167.595060250721872 ], [ 367482.216511999024078, 3910161.030673611909151 ], [ 367478.378805132233538, 3910151.080528433900326 ], [ 367482.227024416904896, 3910138.887254785280675 ], [ 367463.875908207555767, 3910115.771572246216238 ], [ 367465.621359732467681, 3910106.493635567836463 ] ] ] } },
{ "type": "Feature", "properties": { "element": "way", "id": 704214363, "amenity": null, "religion": "shinto", "name": "銭洗弁財天" }, "geometry": { "type": "Polygon", "coordinates": [ [ [ 367487.502423109312076, 3910153.24267766578123 ], [ 367491.429228732478805, 3910153.184890052303672 ], [ 367491.363124272727873, 3910148.692866059951484 ], [ 367489.181401285110041, 3910148.713878643233329 ], [ 367487.145115602412261, 3910148.732751438394189 ], [ 367487.502423109312076, 3910153.24267766578123 ] ] ] } },
{ "type": "Feature", "properties": { "element": "way", "id": 704214365, "amenity": null, "religion": "shinto", "name": "上之水神宮" }, "geometry": { "type": "Polygon", "coordinates": [ [ [ 367503.112660938873887, 3910166.192421247716993 ], [ 367504.978393219877034, 3910168.794202730525285 ], [ 367507.497917763015721, 3910167.015399903990328 ], [ 367505.632022690493613, 3910164.40252650110051 ], [ 367504.327382231946103, 3910165.331416798289865 ], [ 367503.112660938873887, 3910166.192421247716993 ] ] ] } },
{ "type": "Feature", "properties": { "element": "way", "id": 704216825, "amenity": "place_of_worship", "religion": "buddhist", "name": "長寿寺" }, "geometry": { "type": "Polygon", "coordinates": [ [ [ 368299.051483396673575, 3910787.759706585202366 ], [ 368265.828683978470508, 3910725.366207295097411 ], [ 368244.747695898637176, 3910734.782705923076719 ], [ 368222.442753894953057, 3910735.109170130454004 ], [ 368190.118912801728584, 3910759.00136774033308 ], [ 368223.146754100103863, 3910791.899071900174022 ], [ 368266.717582459212281, 3910819.661493537947536 ], [ 368287.869671146792825, 3910798.961615147069097 ], [ 368297.931556770578027, 3910790.749225362669677 ], [ 368299.051483396673575, 3910787.759706585202366 ] ] ] } },
{ "type": "Feature", "properties": { "element": "way", "id": 704218620, "amenity": "place_of_worship", "religion": "shinto", "name": "葛原岡神社" }, "geometry": { "type": "Polygon", "coordinates": [ [ [ 367518.839811172918417, 3910520.75250592501834 ], [ 367605.380336094938684, 3910494.11903089703992 ], [ 367608.191106929676607, 3910452.797600336838514 ], [ 367530.262028915400151, 3910451.159294426906854 ], [ 367536.737774298526347, 3910477.289814036339521 ], [ 367507.501533556496724, 3910487.30506456643343 ], [ 367518.839811172918417, 3910520.75250592501834 ] ] ] } },
{ "type": "Feature", "properties": { "element": "way", "id": 704218621, "amenity": null, "religion": "shinto", "name": "本殿" }, "geometry": { "type": "Polygon", "coordinates": [ [ [ 367521.134477321465965, 3910507.406152128707618 ], [ 367526.364363744156435, 3910505.709500731900334 ], [ 367525.926174774242099, 3910504.351407886017114 ], [ 367528.29684563621413, 3910503.584334133658558 ], [ 367527.754103190032765, 3910501.91715251468122 ], [ 367527.211523755453527, 3910500.261062348727137 ], [ 367525.112230761093087, 3910500.935392719693482 ], [ 367524.655209658201784, 3910499.533201727084816 ], [ 367519.153778035077266, 3910501.311506397090852 ], [ 367521.134477321465965, 3910507.406152128707618 ] ] ] } },
{ "type": "Feature", "properties": { "element": "way", "id": 704512067, "amenity": "place_of_worship", "religion": "shinto", "name": "青梅聖天社" }, "geometry": { "type": "Polygon", "coordinates": [ [ [ 368613.364347847702447, 3910374.539204688742757 ], [ 368614.07890918321209, 3910369.303615332115442 ], [ 368612.378018806572072, 3910365.512181204743683 ], [ 368620.430424606893212, 3910342.275279886089265 ], [ 368614.326685368199833, 3910340.178873804863542 ], [ 368606.248182611307129, 3910362.872567565646023 ], [ 368601.153397306858096, 3910360.761446986813098 ], [ 368598.827135263825767, 3910368.316967705264688 ], [ 368603.760894448729232, 3910370.607936979737133 ], [ 368613.364347847702447, 3910374.539204688742757 ] ] ] } },
{ "type": "Feature", "properties": { "element": "way", "id": 704512070, "amenity": "place_of_worship", "religion": "christian", "name": "鎌倉聖ミカエル教会" }, "geometry": { "type": "Polygon", "coordinates": [ [ [ 368410.852094841422513, 3909757.443748271092772 ], [ 368442.827069493592717, 3909743.608605881687254 ], [ 368433.824563677073456, 3909722.983695012517273 ], [ 368401.849526407662779, 3909736.818867213558406 ], [ 368410.852094841422513, 3909757.443748271092772 ] ] ] } },
{ "type": "Feature", "properties": { "element": "way", "id": 704513944, "amenity": "place_of_worship", "religion": "shinto", "name": "巽神社" }, "geometry": { "type": "Polygon", "coordinates": [ [ [ 368229.688681008585263, 3909734.909861359745264 ], [ 368246.21782436943613, 3909729.908794810529798 ], [ 368239.819369561446365, 3909708.946429159492254 ], [ 368223.290190107945818, 3909713.947506282944232 ], [ 368229.688681008585263, 3909734.909861359745264 ] ] ] } },
{ "type": "Feature", "properties": { "element": "way", "id": 704515208, "amenity": "place_of_worship", "religion": "christian", "name": "日本基督教団鎌倉教会" }, "geometry": { "type": "Polygon", "coordinates": [ [ [ 368153.999810242443345, 3908966.79786211438477 ], [ 368149.950573609443381, 3908956.661961956880987 ], [ 368128.352786942268722, 3908968.327035948634148 ], [ 368120.660933326522354, 3908954.716657143086195 ], [ 368112.168961663963273, 3908957.880677458364516 ], [ 368112.988643251534086, 3908964.181028641760349 ], [ 368039.405670528416522, 3908977.029158588498831 ], [ 368100.274131045327522, 3909028.589005976915359 ], [ 368107.087139404146001, 3909027.512994988821447 ], [ 368105.552867600461468, 3908997.24947813898325 ], [ 368130.822693233378232, 3908995.42622588109225 ], [ 368124.867886684834957, 3908979.971037738025188 ], [ 368153.999810242443345, 3908966.79786211438477 ] ] ] } },
{ "type": "Feature", "properties": { "element": "way", "id": 704534773, "amenity": "place_of_worship", "religion": "shinto", "name": "甘縄神明神社" }, "geometry": { "type": "Polygon", "coordinates": [ [ [ 367043.234465068089776, 3908928.431678891181946 ], [ 367040.995158924662974, 3908875.902202317956835 ], [ 367039.762616719119251, 3908866.324238783679903 ], [ 367015.358479045215063, 3908865.830247425474226 ], [ 367015.503644901735242, 3908833.77805145829916 ], [ 367007.217897850030567, 3908834.26646827487275 ], [ 367005.770425774273463, 3908852.015766652300954 ], [ 366991.34423097257968, 3908853.560018057003617 ], [ 366996.155384662095457, 3908882.565894312690943 ], [ 367005.57888767728582, 3908930.196769839152694 ], [ 367043.234465068089776, 3908928.431678891181946 ] ] ] } },
{ "type": "Feature", "properties": { "element": "way", "id": 704807540, "amenity": "place_of_worship", "religion": "shinto", "name": "八坂大神社" }, "geometry": { "type": "Polygon", "coordinates": [ [ [ 368245.31912597140763, 3909928.245321878697723 ], [ 368247.301802201604005, 3909909.645334870554507 ], [ 368202.14323736121878, 3909910.361625790596008 ], [ 368202.542892784054857, 3909929.592385508585721 ], [ 368245.31912597140763, 3909928.245321878697723 ] ] ] } },
{ "type": "Feature", "properties": { "element": "way", "id": 705108673, "amenity": "place_of_worship", "religion": "buddhist", "name": "収玄寺" }, "geometry": { "type": "Polygon", "coordinates": [ [ [ 366866.707245321362279, 3908611.924904407002032 ], [ 366848.599338582600467, 3908608.032331335823983 ], [ 366846.536667412612587, 3908616.749284209683537 ], [ 366828.426708398852497, 3908618.869637049268931 ], [ 366828.346178340609185, 3908630.031219087541103 ], [ 366860.976024989387952, 3908634.530069281812757 ], [ 366866.707245321362279, 3908611.924904407002032 ] ] ] } },
{ "type": "Feature", "properties": { "element": "way", "id": 705120947, "amenity": "place_of_worship", "religion": "buddhist", "name": "向福寺" }, "geometry": { "type": "Polygon", "coordinates": [ [ [ 368393.037771985691506, 3908333.93201233772561 ], [ 368413.929728568240535, 3908327.980154865887016 ], [ 368408.162278494797647, 3908296.081142147537321 ], [ 368380.541964644333348, 3908300.855516609270126 ], [ 368388.561258893110789, 3908323.802255612332374 ], [ 368393.037771985691506, 3908333.93201233772561 ] ] ] } },
{ "type": "Feature", "properties": { "element": "way", "id": 705120954, "amenity": "place_of_worship", "religion": "buddhist", "name": "来迎寺" }, "geometry": { "type": "Polygon", "coordinates": [ [ [ 368660.324509958503768, 3908314.555971360299736 ], [ 368639.52909785596421, 3908276.619064934086055 ], [ 368601.156443370738998, 3908296.115588521584868 ], [ 368614.175380415748805, 3908319.599745993968099 ], [ 368620.125822010682896, 3908317.327512051910162 ], [ 368630.478509995620698, 3908333.206992126535624 ], [ 368660.324509958503768, 3908314.555971360299736 ] ] ] } },
{ "type": "Feature", "properties": { "element": "way", "id": 705120960, "amenity": "place_of_worship", "religion": "buddhist", "name": "成就院" }, "geometry": { "type": "Polygon", "coordinates": [ [ [ 366462.867341983655933, 3908334.476223405450583 ], [ 366445.911033823504113, 3908301.579145564232022 ], [ 366488.823151864751708, 3908283.703336083795875 ], [ 366499.780304900195915, 3908306.971170905046165 ], [ 366515.382145962386858, 3908314.749765330459923 ], [ 366534.25500873150304, 3908313.138918008189648 ], [ 366569.519621183746494, 3908314.313963863067329 ], [ 366564.695976809074637, 3908301.150451561901718 ], [ 366552.803954544477165, 3908280.447974083479494 ], [ 366566.985718760406598, 3908266.636896089650691 ], [ 366586.445827648742124, 3908287.482483759522438 ], [ 366589.442391167161986, 3908308.682809358462691 ], [ 366605.7841260037967, 3908317.304826356936246 ], [ 366602.077886807965115, 3908330.472612758632749 ], [ 366604.281999928760342, 3908339.303954378236085 ], [ 366596.583645334350877, 3908346.329395862761885 ], [ 366578.632610819477122, 3908328.512249310966581 ], [ 366562.149128326331265, 3908318.916122674942017 ], [ 366543.998354611336254, 3908320.16121341381222 ], [ 366511.521802364615723, 3908326.100487919989973 ], [ 366490.606578609207645, 3908330.415263756643981 ], [ 366465.486875668168068, 3908338.808373501524329 ], [ 366462.867341983655933, 3908334.476223405450583 ] ] ] } },
{ "type": "Feature", "properties": { "element": "way", "id": 705139230, "amenity": "place_of_worship", "religion": "buddhist", "name": "教恩寺" }, "geometry": { "type": "Polygon", "coordinates": [ [ [ 368399.605145365116186, 3909016.922316682059318 ], [ 368403.82615609630011, 3909038.837370126042515 ], [ 368408.81365045736311, 3909062.804665617644787 ], [ 368426.472105638007633, 3909061.570463908836246 ], [ 368432.809861459420063, 3909052.85804818244651 ], [ 368429.45904705405701, 3908999.002464223187417 ], [ 368421.727171977283433, 3908999.426025901455432 ], [ 368418.486828770488501, 3908990.487421584315598 ], [ 368404.566900859645102, 3908997.424672281369567 ], [ 368399.605145365116186, 3909016.922316682059318 ] ] ] } },
{ "type": "Feature", "properties": { "element": "way", "id": 705139238, "amenity": "place_of_worship", "religion": "buddhist", "name": "延命寺" }, "geometry": { "type": "Polygon", "coordinates": [ [ [ 368286.308808113448322, 3908966.626184317283332 ], [ 368278.569454759010114, 3908954.103563820011914 ], [ 368260.596894761780277, 3908963.718426938168705 ], [ 368253.566291218507104, 3908949.920772723853588 ], [ 368236.561299285618588, 3908958.545282608829439 ], [ 368229.309209358645603, 3908946.392761652357876 ], [ 368224.272575984417927, 3908952.046600449364632 ], [ 368222.533807197120041, 3908966.826736211776733 ], [ 368223.479358504991978, 3908976.764005813747644 ], [ 368228.051896272227168, 3908985.383528915699571 ], [ 368242.493619326036423, 3908980.557276316452771 ], [ 368249.872687729715835, 3909001.394362061284482 ], [ 368277.115028732921928, 3908992.065478440374136 ], [ 368286.308808113448322, 3908966.626184317283332 ] ] ] } },
{ "type": "Feature", "properties": { "element": "way", "id": 705149485, "amenity": "place_of_worship", "religion": "buddhist", "name": "安国論寺" }, "geometry": { "type": "Polygon", "coordinates": [ [ [ 368916.045210855663754, 3908581.451927525922656 ], [ 368949.086877883935813, 3908576.844364434015006 ], [ 368974.672306563414168, 3908571.003022470977157 ], [ 369005.719811960414518, 3908559.324697935022414 ], [ 369005.150559671688825, 3908553.32018407760188 ], [ 369018.659209464094602, 3908551.792531182989478 ], [ 369016.378027952974662, 3908537.492624363861978 ], [ 369001.684788597689476, 3908533.224400133825839 ], [ 368999.370219376287423, 3908524.760273489635438 ], [ 369009.799562478787266, 3908512.827110809739679 ], [ 369007.62451531359693, 3908497.07238703686744 ], [ 369018.989986659318674, 3908481.975013432092965 ], [ 369015.487149284803309, 3908467.459900555666536 ], [ 369000.45620330813108, 3908465.615012106020004 ], [ 368946.002197890775278, 3908511.69148460868746 ], [ 368937.405475317907985, 3908523.953063196036965 ], [ 368940.65077282715356, 3908545.760467667598277 ], [ 368909.446969277691096, 3908572.317964200396091 ], [ 368916.045210855663754, 3908581.451927525922656 ] ] ] } },
{ "type": "Feature", "properties": { "element": "way", "id": 705149497, "amenity": "place_of_worship", "religion": "buddhist", "name": "妙法寺" }, "geometry": { "type": "Polygon", "coordinates": [ [ [ 368964.237460761854891, 3908666.949004027526826 ], [ 368964.32748112489935, 3908673.137987214606255 ], [ 368987.040094180381857, 3908691.744623315054923 ], [ 368986.669259405171033, 3908725.020063782576472 ], [ 369013.961560183786787, 3908723.402883709408343 ], [ 369097.48824332037475, 3908689.406886303797364 ], [ 369100.827561863756273, 3908650.752264503855258 ], [ 368973.312742110050749, 3908645.084421563427895 ], [ 368972.415849021694157, 3908667.196143602021039 ], [ 368964.237460761854891, 3908666.949004027526826 ] ] ] } },
{ "type": "Feature", "properties": { "element": "way", "id": 705149508, "amenity": "place_of_worship", "religion": "buddhist", "name": "大寶寺" }, "geometry": { "type": "Polygon", "coordinates": [ [ [ 368890.799610617745202, 3908941.777216826565564 ], [ 368867.93566629185807, 3908912.123688771389425 ], [ 368840.942527894745581, 3908942.991135192569345 ], [ 368863.112835899810307, 3908966.220334159675986 ], [ 368857.918849484587554, 3908994.817917155101895 ], [ 368853.897067276295274, 3909003.374263743404299 ], [ 368840.780982291034888, 3908998.717273486312479 ], [ 368831.416317308088765, 3908983.799445639364421 ], [ 368825.543967238045298, 3908973.922791040036827 ], [ 368815.925522924400866, 3908992.156730972696096 ], [ 368815.163099996629171, 3909006.611868186853826 ], [ 368838.173466514796019, 3909020.720820017158985 ], [ 368860.601164846215397, 3909019.795218060724437 ], [ 368871.997328590834513, 3908998.750924067106098 ], [ 368889.069501193764154, 3908948.480819549411535 ], [ 368890.799610617745202, 3908941.777216826565564 ] ] ] } },
{ "type": "Feature", "properties": { "element": "way", "id": 705286521, "amenity": "place_of_worship", "religion": "buddhist", "name": "円応寺" }, "geometry": { "type": "Polygon", "coordinates": [ [ [ 368512.865506420086604, 3910559.963181818835437 ], [ 368466.454179602209479, 3910538.176226275041699 ], [ 368449.229846701025963, 3910577.633282783441246 ], [ 368493.998866340960376, 3910595.916312876623124 ], [ 368505.932544323324692, 3910578.269316732883453 ], [ 368512.865506420086604, 3910559.963181818835437 ] ] ] } },
{ "type": "Feature", "properties": { "element": "way", "id": 705286533, "amenity": "place_of_worship", "religion": "buddhist", "name": "禅居院" }, "geometry": { "type": "Polygon", "coordinates": [ [ [ 368469.218813788029365, 3910652.113272715359926 ], [ 368455.231238563137595, 3910679.752548314630985 ], [ 368444.879669690853916, 3910696.777441507205367 ], [ 368418.975513507961296, 3910676.643613526597619 ], [ 368404.756580448593013, 3910671.027208109851927 ], [ 368386.684563759015873, 3910677.958748320117593 ], [ 368385.190544983546715, 3910675.883865251671523 ], [ 368357.695285674883053, 3910637.723884580656886 ], [ 368382.364886912866496, 3910598.889969201758504 ], [ 368405.284329224668909, 3910598.909934809897095 ], [ 368413.823287154955324, 3910607.771087285131216 ], [ 368420.543724512448534, 3910633.410428648348898 ], [ 368430.807310530217364, 3910643.33358015678823 ], [ 368445.98489830334438, 3910647.360703091137111 ], [ 368455.324393198359758, 3910643.818446365185082 ], [ 368469.218813788029365, 3910652.113272715359926 ] ] ] } },
{ "type": "Feature", "properties": { "element": "way", "id": 705286542, "amenity": "place_of_worship", "religion": "buddhist", "name": "薬王寺" }, "geometry": { "type": "Polygon", "coordinates": [ [ [ 368189.845681934151798, 3910407.498662965372205 ], [ 368180.016342707793228, 3910460.803993746172637 ], [ 368127.614321600063704, 3910454.049775577615947 ], [ 368125.471783583634533, 3910440.602202162146568 ], [ 368109.574214140477125, 3910429.663620234001428 ], [ 368103.454077491187491, 3910410.938205018173903 ], [ 368108.82491822069278, 3910403.33793783839792 ], [ 368114.938307960692327, 3910404.224640557076782 ], [ 368124.826512940169778, 3910396.54712089151144 ], [ 368134.310223669279367, 3910386.701154444366693 ], [ 368156.615134283900261, 3910394.384224854875356 ], [ 368152.263855225173756, 3910413.873165647964925 ], [ 368175.634738912631292, 3910419.233162210788578 ], [ 368182.005926893791184, 3910404.81780363060534 ], [ 368189.845681934151798, 3910407.498662965372205 ] ] ] } },
{ "type": "Feature", "properties": { "element": "way", "id": 705286549, "amenity": "place_of_worship", "religion": "buddhist", "name": "妙傳寺" }, "geometry": { "type": "Polygon", "coordinates": [ [ [ 368421.611017215531319, 3910339.409795831888914 ], [ 368445.389016630710103, 3910281.163956549018621 ], [ 368424.310878220945597, 3910274.061308055650443 ], [ 368407.627403945429251, 3910275.281370813958347 ], [ 368396.452095581684262, 3910286.360975436400622 ], [ 368385.41661181638483, 3910323.797357908915728 ], [ 368421.611017215531319, 3910339.409795831888914 ] ] ] } },
{ "type": "Feature", "properties": { "element": "way", "id": 705286557, "amenity": "place_of_worship", "religion": "buddhist", "name": "護国寺" }, "geometry": { "type": "Polygon", "coordinates": [ [ [ 368258.534261440159753, 3910060.300871624145657 ], [ 368295.996470159036107, 3910062.426463952753693 ], [ 368300.435790673829615, 3910057.624493157956749 ], [ 368333.216094479663298, 3910056.046835008542985 ], [ 368340.091163097938988, 3910042.478471312206239 ], [ 368341.54200855246745, 3910016.719709011726081 ], [ 368318.207517351314891, 3910013.910279709845781 ], [ 368315.652734850009438, 3910030.699236432090402 ], [ 368263.298020201793406, 3910027.338132458273321 ], [ 368258.56228255701717, 3910037.358532797545195 ], [ 368257.409555996884592, 3910058.619978755246848 ], [ 368258.534261440159753, 3910060.300871624145657 ] ] ] } },
{ "type": "Feature", "properties": { "element": "way", "id": 705566181, "amenity": null, "religion": "buddhist", "name": "本堂" }, "geometry": { "type": "Polygon", "coordinates": [ [ [ 369940.857537647651043, 3909458.152763513382524 ], [ 369944.209513981884811, 3909457.937954194378108 ], [ 369944.863546437758487, 3909457.895228761713952 ], [ 369944.523525856784545, 3909452.608455470763147 ], [ 369946.994370014115702, 3909452.450745788868517 ], [ 369946.762270798615646, 3909448.97068321146071 ], [ 369946.620352580037434, 3909446.698529054876417 ], [ 369943.768187647219747, 3909446.895026175770909 ], [ 369943.47622015431989, 3909442.417397376615554 ], [ 369939.960769684461411, 3909442.645661070942879 ], [ 369933.947361354366876, 3909443.043123846873641 ], [ 369930.904295434360392, 3909443.242381872609258 ], [ 369931.196909900289029, 3909447.764375898987055 ], [ 369927.599647412076592, 3909447.993826024234295 ], [ 369928.01868871122133, 3909454.344450794160366 ], [ 369931.488682192401029, 3909454.116838703863323 ], [ 369931.791988564538769, 3909458.749615153297782 ], [ 369940.857537647651043, 3909458.152763513382524 ] ] ] } },
{ "type": "Feature", "properties": { "element": "way", "id": 705766682, "amenity": "grave_yard", "religion": "buddhist", "name": null }, "geometry": { "type": "Polygon", "coordinates": [ [ [ 369827.59295085031772, 3909342.950446023605764 ], [ 369828.680892867268994, 3909346.506887312047184 ], [ 369828.055639186874032, 3909349.799653136171401 ], [ 369828.713758937141392, 3909353.184807643294334 ], [ 369834.975948906736448, 3909360.560351233463734 ], [ 369838.465968320204411, 3909365.490976456552744 ], [ 369835.461827714520041, 3909368.385467318817973 ], [ 369845.53675985976588, 3909382.26228148303926 ], [ 369848.714161443291232, 3909386.953366897534579 ], [ 369849.697742706048302, 3909392.097714628558606 ], [ 369853.185017988027539, 3909396.839792019221932 ], [ 369855.663428461935837, 3909399.721616718452424 ], [ 369858.938589006720576, 3909406.77424646075815 ], [ 369863.571042858413421, 3909415.260537534486502 ], [ 369867.126947833283339, 3909420.977871919050813 ], [ 369871.492644754471257, 3909423.588371030986309 ], [ 369874.512758076249156, 3909421.170689045917243 ], [ 369879.14304361701943, 3909416.921475719194859 ], [ 369881.749508488806896, 3909419.856925429776311 ], [ 369891.386463733215351, 3909416.012416588608176 ], [ 369887.965916448913049, 3909407.075951270293444 ], [ 369884.400566314870957, 3909400.704218580853194 ], [ 369882.937794245372061, 3909400.780819270759821 ], [ 369877.560206560301594, 3909391.695131813641638 ], [ 369870.937539900827687, 3909385.167888462077826 ], [ 369867.73637494945433, 3909382.607125303242356 ], [ 369859.85886185138952, 3909373.557567769661546 ], [ 369856.220817925932351, 3909370.337500281631947 ], [ 369849.544588804652449, 3909360.105756673030555 ], [ 369847.792560230125673, 3909360.929819152224809 ], [ 369844.939661113196053, 3909357.931377419270575 ], [ 369846.256053907156456, 3909355.904398605693132 ], [ 369838.768887680431362, 3909344.297670937608927 ], [ 369836.884299271565396, 3909344.75755968876183 ], [ 369834.354576894605998, 3909342.730694367084652 ], [ 369831.284708376100753, 3909341.077727465890348 ], [ 369827.59295085031772, 3909342.950446023605764 ] ] ] } },
{ "type": "Feature", "properties": { "element": "way", "id": 706110565, "amenity": "place_of_worship", "religion": "buddhist", "name": "極楽寺" }, "geometry": { "type": "Polygon", "coordinates": [ [ [ 366305.936509450897574, 3908393.859175529330969 ], [ 366298.208754954626784, 3908386.629719146061689 ], [ 366246.827401883900166, 3908421.395020497962832 ], [ 366222.306671224418096, 3908391.705817410256714 ], [ 366201.774492802855093, 3908409.55009684804827 ], [ 366223.699008799972944, 3908436.482142320368439 ], [ 366209.511307940760162, 3908446.16697146371007 ], [ 366226.415997745585628, 3908467.582260998897254 ], [ 366263.350030072964728, 3908437.291308127809316 ], [ 366256.620813008630648, 3908428.105640122666955 ], [ 366305.936509450897574, 3908393.859175529330969 ] ] ] } },
{ "type": "Feature", "properties": { "element": "way", "id": 707456386, "amenity": null, "religion": "buddhist", "name": "地蔵堂" }, "geometry": { "type": "Polygon", "coordinates": [ [ [ 369029.245699493680149, 3911063.813900840934366 ], [ 369027.538865518174134, 3911060.84342168783769 ], [ 369026.074312101467513, 3911058.279886486008763 ], [ 369031.547200549219269, 3911055.171663468237966 ], [ 369034.718585477967281, 3911060.705679659266025 ], [ 369029.245699493680149, 3911063.813900840934366 ] ] ] } },
{ "type": "Feature", "properties": { "element": "way", "id": 729414230, "amenity": "place_of_worship", "religion": "shinto", "name": "熊野神社" }, "geometry": { "type": "Polygon", "coordinates": [ [ [ 370039.148891449614894, 3909888.688305398914963 ], [ 370046.374730449635535, 3909862.702476548496634 ], [ 370021.390575993573293, 3909855.807789508718997 ], [ 370014.155711465864442, 3909881.793771258089691 ], [ 370039.148891449614894, 3909888.688305398914963 ] ] ] } },
{ "type": "Feature", "properties": { "element": "way", "id": 729414235, "amenity": "place_of_worship", "religion": "buddhist", "name": "報国寺" }, "geometry": { "type": "Polygon", "coordinates": [ [ [ 369977.288428969739471, 3909504.608461284078658 ], [ 369986.061919364787173, 3909478.744480134919286 ], [ 369992.16340411582496, 3909445.397570343222469 ], [ 369992.124411548371427, 3909438.287088890559971 ], [ 369987.87035214190837, 3909426.40061103599146 ], [ 369984.65405549632851, 3909406.411866719368845 ], [ 369948.148585080343764, 3909403.300192636437714 ], [ 369903.733615266100969, 3909401.51212153583765 ], [ 369889.11123054777272, 3909393.835742065217346 ], [ 369839.889619613648392, 3909329.36047636019066 ], [ 369821.369889386347495, 3909330.105157173704356 ], [ 369798.056568030093331, 3909353.994028063956648 ], [ 369817.712407743849326, 3909380.900515911635011 ], [ 369895.920965851517394, 3909493.880001840181649 ], [ 369977.288428969739471, 3909504.608461284078658 ] ] ] } },
{ "type": "Feature", "properties": { "element": "way", "id": 729417160, "amenity": "place_of_worship", "religion": "shinto", "name": "白旗神社" }, "geometry": { "type": "Polygon", "coordinates": [ [ [ 369222.016631902661175, 3910143.237696876749396 ], [ 369221.840953009668738, 3910130.515744749922305 ], [ 369196.598417776054703, 3910130.871302457526326 ], [ 369196.774132351856679, 3910143.593255126383156 ], [ 369222.016631902661175, 3910143.237696876749396 ] ] ] } },
{ "type": "Feature", "properties": { "element": "way", "id": 751003558, "amenity": null, "religion": "buddhist", "name": "手水舎" }, "geometry": { "type": "Polygon", "coordinates": [ [ [ 366862.116590799123514, 3909096.848621455486864 ], [ 366865.002746996528003, 3909096.484241474419832 ], [ 366864.601971724652685, 3909093.361703635659069 ], [ 366861.715814530500211, 3909093.726083713117987 ], [ 366862.116590799123514, 3909096.848621455486864 ] ] ] } },
{ "type": "Feature", "properties": { "element": "way", "id": 766578029, "amenity": "place_of_worship", "religion": "buddhist", "name": "来迎寺" }, "geometry": { "type": "Polygon", "coordinates": [ [ [ 369198.284157491114456, 3910414.635510340332985 ], [ 369183.865925494057592, 3910391.537053919397295 ], [ 369174.00603399774991, 3910388.707195438444614 ], [ 369173.774927796330303, 3910385.315871234051883 ], [ 369191.090419314568862, 3910381.303513324353844 ], [ 369199.392474092543125, 3910377.65509527688846 ], [ 369189.473732878279407, 3910366.394838312640786 ], [ 369181.446580000570975, 3910342.659940661396831 ], [ 369179.241889119672123, 3910325.452314483001828 ], [ 369196.240074186993297, 3910299.589933490380645 ], [ 369213.389897803601343, 3910296.678312455769628 ], [ 369234.726302277471405, 3910321.617741629481316 ], [ 369251.943658861448057, 3910357.167166132479906 ], [ 369247.999398066487629, 3910387.94297813391313 ], [ 369198.284157491114456, 3910414.635510340332985 ] ] ] } },
{ "type": "Feature", "properties": { "element": "way", "id": 766578033, "amenity": "place_of_worship", "religion": "shinto", "name": "八雲神社" }, "geometry": { "type": "Polygon", "coordinates": [ [ [ 369178.100955571630038, 3910419.000149156432599 ], [ 369170.311429507215507, 3910398.478990147355944 ], [ 369173.679519586265087, 3910391.263498365413398 ], [ 369179.803029972477816, 3910393.482020083349198 ], [ 369186.839218364562839, 3910403.452898233197629 ], [ 369191.660742903419305, 3910412.4242396322079 ], [ 369178.100955571630038, 3910419.000149156432599 ] ] ] } },
{ "type": "Feature", "properties": { "element": "way", "id": 767729662, "amenity": "place_of_worship", "religion": "shinto", "name": "諏訪神社" }, "geometry": { "type": "Polygon", "coordinates": [ [ [ 367880.280779080814682, 3909500.336761944927275 ], [ 367873.304432124830782, 3909475.378239935729653 ], [ 367867.354916771233547, 3909477.029746836517006 ], [ 367874.322188920341432, 3909501.988398100249469 ], [ 367880.280779080814682, 3909500.336761944927275 ] ] ] } },
{ "type": "Feature", "properties": { "element": "way", "id": 767740059, "amenity": null, "religion": "buddhist", "name": "書院" }, "geometry": { "type": "Polygon", "coordinates": [ [ [ 366700.500036099227145, 3908742.949077313765883 ], [ 366700.995007153367624, 3908746.90225337818265 ], [ 366701.830091148556676, 3908746.80114614777267 ], [ 366702.809791457955725, 3908754.62999311555177 ], [ 366706.967025527555961, 3908754.124727510847151 ], [ 366707.359593110159039, 3908757.302850393112749 ], [ 366721.555515142856166, 3908755.550773414317518 ], [ 366719.946272923320066, 3908742.661355626769364 ], [ 366714.445821881410666, 3908743.341801868751645 ], [ 366714.332853912725113, 3908742.46706014405936 ], [ 366710.691683452343568, 3908742.820466669742018 ], [ 366707.461753984098323, 3908743.312009808141738 ], [ 366707.316752341692336, 3908742.116020831745118 ], [ 366700.500036099227145, 3908742.949077313765883 ] ] ] } },
{ "type": "Feature", "properties": { "element": "way", "id": 767740060, "amenity": null, "religion": "buddhist", "name": "内仏殿" }, "geometry": { "type": "Polygon", "coordinates": [ [ [ 366739.572781488823239, 3908745.954318154603243 ], [ 366739.762943002860993, 3908724.385089152026922 ], [ 366728.640518256055657, 3908724.294464957900345 ], [ 366721.646852579433471, 3908724.231521737761796 ], [ 366721.456734366482124, 3908745.800752393435687 ], [ 366721.427192157017998, 3908749.950284354854375 ], [ 366728.411582548986189, 3908750.002269905991852 ], [ 366728.450383329764009, 3908745.863694975152612 ], [ 366739.572781488823239, 3908745.954318154603243 ] ] ] } },
{ "type": "Feature", "properties": { "element": "way", "id": 767740065, "amenity": null, "religion": "buddhist", "name": "大黒堂" }, "geometry": { "type": "Polygon", "coordinates": [ [ [ 366708.171423752384726, 3908727.359665557276458 ], [ 366718.723884377628565, 3908727.647292014211416 ], [ 366718.93314813869074, 3908727.655289851129055 ], [ 366719.240653168293647, 3908716.479247255250812 ], [ 366717.139249841799028, 3908716.421586275100708 ], [ 366708.478915489045903, 3908716.183622207026929 ], [ 366708.419510932522826, 3908718.314517812803388 ], [ 366708.313797267852351, 3908722.232206346932799 ], [ 366708.171423752384726, 3908727.359665557276458 ] ] ] } },
{ "type": "Feature", "properties": { "element": "way", "id": 767740069, "amenity": null, "religion": "buddhist", "name": "阿弥陀堂" }, "geometry": { "type": "Polygon", "coordinates": [ [ [ 366635.244777403655462, 3908702.889861152973026 ], [ 366635.268093217746355, 3908704.464841347187757 ], [ 366647.723359851283021, 3908704.291557524818927 ], [ 366647.667681317194365, 3908697.458576372358948 ], [ 366647.545613967929967, 3908691.669398935046047 ], [ 366635.099421202437952, 3908691.842547900043428 ], [ 366635.121691206179094, 3908693.961141729727387 ], [ 366632.103370850323699, 3908694.005824981722981 ], [ 366632.22629584139213, 3908702.923453042749316 ], [ 366635.244777403655462, 3908702.889861152973026 ] ] ] } },
{ "type": "Feature", "properties": { "element": "way", "id": 767740070, "amenity": null, "religion": "buddhist", "name": "観音堂" }, "geometry": { "type": "Polygon", "coordinates": [ [ [ 366655.344886357604992, 3908690.866135902237147 ], [ 366655.286996185255703, 3908686.340706376824528 ], [ 366655.220835602434818, 3908681.870868489611894 ], [ 366655.159826352261007, 3908677.134702247101814 ], [ 366655.094979268033057, 3908672.753595690708607 ], [ 366651.567536554764956, 3908672.805807908065617 ], [ 366624.665746918821242, 3908673.170764582697302 ], [ 366624.915715220558923, 3908691.283305760938674 ], [ 366655.344886357604992, 3908690.866135902237147 ] ] ] } },
{ "type": "Feature", "properties": { "element": "way", "id": 778555506, "amenity": null, "religion": "shinto", "name": "手水舎" }, "geometry": { "type": "Polygon", "coordinates": [ [ [ 368718.314169460209087, 3910056.348217232618481 ], [ 368723.257106254459359, 3910053.64693507226184 ], [ 368725.028813887503929, 3910056.682981316931546 ], [ 368726.872107592993416, 3910059.640328008681536 ], [ 368721.940850282553583, 3910062.518938056193292 ], [ 368718.314169460209087, 3910056.348217232618481 ] ] ] } },
{ "type": "Feature", "properties": { "element": "way", "id": 778704622, "amenity": "place_of_worship", "religion": "shinto", "name": "由比若宮遙拝所" }, "geometry": { "type": "Polygon", "coordinates": [ [ [ 368818.10978664358845, 3910059.730695019476116 ], [ 368816.455310729914345, 3910056.626361499074847 ], [ 368820.722834336804226, 3910054.367629856336862 ], [ 368822.377470691688359, 3910057.483055512420833 ], [ 368818.10978664358845, 3910059.730695019476116 ] ] ] } },
{ "type": "Feature", "properties": { "element": "way", "id": 844327768, "amenity": null, "religion": "buddhist", "name": "同契院" }, "geometry": { "type": "Polygon", "coordinates": [ [ [ 368642.637297201959882, 3910692.214671046938747 ], [ 368653.05316687078448, 3910701.38146497355774 ], [ 368657.282931297086179, 3910697.181780438870192 ], [ 368655.655340248486027, 3910692.801300720777363 ], [ 368648.138343583443202, 3910686.04393053194508 ], [ 368642.637297201959882, 3910692.214671046938747 ] ] ] } },
{ "type": "Feature", "properties": { "element": "way", "id": 844328963, "amenity": null, "religion": "buddhist", "name": "開山堂" }, "geometry": { "type": "Polygon", "coordinates": [ [ [ 368703.446315729757771, 3910678.370110293850303 ], [ 368721.691733682062477, 3910687.056704480201006 ], [ 368724.589102688245475, 3910686.870236683171242 ], [ 368726.700300765456632, 3910682.64601016510278 ], [ 368724.808312145876698, 3910681.952503667213023 ], [ 368725.933892524859402, 3910679.340150685049593 ], [ 368710.157447376288474, 3910671.638167872559279 ], [ 368709.022034978785086, 3910672.952696099411696 ], [ 368706.385401022387668, 3910671.693177088629454 ], [ 368703.446315729757771, 3910678.370110293850303 ] ] ] } },
{ "type": "Feature", "properties": { "element": "way", "id": 846620383, "amenity": null, "religion": "buddhist", "name": null }, "geometry": { "type": "Polygon", "coordinates": [ [ [ 368445.491640673775692, 3911133.053625574801117 ], [ 368466.541709174984135, 3911137.749303820542991 ], [ 368472.255899441137444, 3911125.662333443760872 ], [ 368449.168671580846421, 3911117.801402453798801 ], [ 368445.491640673775692, 3911133.053625574801117 ] ] ] } },
{ "type": "Feature", "properties": { "element": "way", "id": 847193648, "amenity": "place_of_worship", "religion": "buddhist", "name": "浄智寺" }, "geometry": { "type": "Polygon", "coordinates": [ [ [ 367936.627601456362754, 3910924.896760825999081 ], [ 367848.240479656495154, 3910954.316679154057056 ], [ 367786.4459755224525, 3910934.911272410769016 ], [ 367772.400420436344575, 3910965.858540428802371 ], [ 367817.076517739216797, 3911008.790018863044679 ], [ 367869.584474630421028, 3911017.382324066013098 ], [ 367910.182359189377166, 3911056.89064166508615 ], [ 367955.292682664003223, 3911037.779805066529661 ], [ 367983.607147697824985, 3911063.568085732404143 ], [ 367999.510156445554458, 3911048.90182633465156 ], [ 367948.347350859898143, 3910963.420039437245578 ], [ 367936.627601456362754, 3910924.896760825999081 ] ] ] } },
{ "type": "Feature", "properties": { "element": "way", "id": 847195398, "amenity": "place_of_worship", "religion": "buddhist", "name": "松岡山東慶寺" }, "geometry": { "type": "Polygon", "coordinates": [ [ [ 367857.825812606897671, 3911197.308028912171721 ], [ 367892.693237427214626, 3911226.727344336919487 ], [ 367900.472220543306321, 3911219.113758726045489 ], [ 367868.778547098452691, 3911182.336999593302608 ], [ 367860.655568409420084, 3911133.077662982977927 ], [ 367801.929801572521683, 3911055.750700115226209 ], [ 367793.986332641914487, 3911002.650315204169601 ], [ 367765.568974548368715, 3910981.667735687922686 ], [ 367744.877766444929875, 3910998.978530974593014 ], [ 367743.943614571122453, 3911085.135775928385556 ], [ 367804.779213306261227, 3911212.630929115228355 ], [ 367826.908027498051524, 3911218.34100240143016 ], [ 367843.295517290942371, 3911208.226885943673551 ], [ 367857.825812606897671, 3911197.308028912171721 ] ] ] } },
{ "type": "Feature", "properties": { "element": "way", "id": 848235693, "amenity": null, "religion": "buddhist", "name": "本堂" }, "geometry": { "type": "Polygon", "coordinates": [ [ [ 367921.099654765450396, 3910963.276185870636255 ], [ 367925.138840487168636, 3910961.608320506289601 ], [ 367923.204806914320216, 3910956.81088908854872 ], [ 367921.081830893701408, 3910951.528102590702474 ], [ 367910.795663174707443, 3910955.57295634271577 ], [ 367914.92539488885086, 3910965.652103069704026 ], [ 367918.20679867308354, 3910964.38363675493747 ], [ 367921.099654765450396, 3910963.276185870636255 ] ] ] } },
{ "type": "Feature", "properties": { "element": "way", "id": 852387116, "amenity": null, "religion": "shinto", "name": "丸山稲荷神社" }, "geometry": { "type": "Polygon", "coordinates": [ [ [ 368739.532033050898463, 3910172.81172774033621 ], [ 368738.866771980305202, 3910171.456894060596824 ], [ 368738.083667036844417, 3910170.125965813174844 ], [ 368735.025032014003955, 3910171.734773134347051 ], [ 368736.583284407795873, 3910174.474401461426169 ], [ 368739.532033050898463, 3910172.81172774033621 ] ] ] } },
{ "type": "Feature", "properties": { "element": "way", "id": 860943597, "amenity": null, "religion": "shinto", "name": "手水舎" }, "geometry": { "type": "Polygon", "coordinates": [ [ [ 367477.615686780540273, 3910118.997339232359082 ], [ 367476.442982694425154, 3910119.624758461024612 ], [ 367477.414772660355084, 3910121.407654974143952 ], [ 367478.635537636699155, 3910120.957029648590833 ], [ 367478.062447269097902, 3910119.700768559705466 ], [ 367477.615686780540273, 3910118.997339232359082 ] ] ] } },
{ "type": "Feature", "properties": { "element": "way", "id": 864032540, "amenity": null, "religion": "shinto", "name": "手水舎" }, "geometry": { "type": "Polygon", "coordinates": [ [ [ 367231.962007011519745, 3909994.34917748067528 ], [ 367231.994876924436539, 3909996.578552790917456 ], [ 367235.376518072094768, 3909996.539788322523236 ], [ 367235.352738992427476, 3909994.310279005207121 ], [ 367234.00741960934829, 3909994.330113986041397 ], [ 367231.962007011519745, 3909994.34917748067528 ] ] ] } },
{ "type": "Feature", "properties": { "element": "way", "id": 864041507, "amenity": null, "religion": "shinto", "name": "社務所" }, "geometry": { "type": "Polygon", "coordinates": [ [ [ 367575.318375442409888, 3910462.211561710108072 ], [ 367568.890458084526472, 3910462.195168705657125 ], [ 367569.013211472949479, 3910469.30450207227841 ], [ 367575.45701888127951, 3910469.165347746107727 ], [ 367575.362120565376244, 3910463.331394128501415 ], [ 367575.318375442409888, 3910462.211561710108072 ] ] ] } },
{ "type": "Feature", "properties": { "element": "way", "id": 1097909295, "amenity": "place_of_worship", "religion": "shinto", "name": null }, "geometry": { "type": "Polygon", "coordinates": [ [ [ 368888.329789541487116, 3910382.179411574266851 ], [ 368889.979341570404358, 3910384.951015452388674 ], [ 368893.227515935490374, 3910383.250748286489397 ], [ 368891.577803142252378, 3910380.468052443582565 ], [ 368889.90834840957541, 3910381.32439365843311 ], [ 368888.329789541487116, 3910382.179411574266851 ] ] ] } },
{ "type": "Feature", "properties": { "element": "way", "id": 1314368867, "amenity": "place_of_worship", "religion": "shinto", "name": "佐助稲荷神社" }, "geometry": { "type": "Polygon", "coordinates": [ [ [ 367198.492270651040599, 3910027.491866942960769 ], [ 367181.037083791045006, 3910003.542565707117319 ], [ 367178.934534946922213, 3909968.25081274099648 ], [ 367214.532788692042232, 3909959.82700990093872 ], [ 367252.719380257418379, 3909977.724131877999753 ], [ 367253.785142756649293, 3909983.410649055149406 ], [ 367307.333800352411345, 3909985.050967606250197 ], [ 367307.082809782004915, 3909992.698312481865287 ], [ 367241.330078368890099, 3909998.892655826173723 ], [ 367225.919020707777236, 3910029.095405900850892 ], [ 367198.492270651040599, 3910027.491866942960769 ] ] ] } },
{ "type": "Feature", "properties": { "element": "way", "id": 1467940194, "amenity": "place_of_worship", "religion": "shinto", "name": "八雲神社" }, "geometry": { "type": "Polygon", "coordinates": [ [ [ 366128.636493079247884, 3909784.457640608772635 ], [ 366143.892911723582074, 3909788.102626312989742 ], [ 366147.866631121141836, 3909771.613517789635807 ], [ 366132.619277125224471, 3909767.968389545101672 ], [ 366128.636493079247884, 3909784.457640608772635 ] ] ] } }
]
}
